거래일,1시,2시,3시,4시,5시,6시,7시,8시,9시,10시,11시,12시,13시,14시,15시,16시,17시,18시,19시,20시,21시,22시,23시,24시
2025-01-01,0.000288,0.000296,0.000484,0.000304,0.000352,0.00082,0.000368,0.934085,30.604851,117.723004,194.708125,204.116862,188.543047,162.646221,129.588319,94.07402,43.433083,5.031894,2.051507,3.313176,2.927632,2.17958,0.51858,0.016568
2025-01-02,0.000352,0.000408,0.000424,0.00054,0.000352,0.00052,0.000312,0.815376,25.167157,78.136999,149.352406,189.456052,207.208148,211.699224,158.900796,96.239526,37.643917,5.321532,2.090139,3.223148,2.440904,1.052344,0.10944,0.000288
2025-01-03,0.000208,0.00024,0.000232,0.000232,0.000256,0.000248,0.00024,0.281432,24.709749,89.834939,172.564452,211.188039,221.024373,235.717548,213.345145,141.360329,56.608357,6.157986,2.068684,3.269996,3.019916,1.55068,0.409756,0.016252
2025-01-04,0.000424,0.00058,0.0004,0.00058,0.000644,0.000472,0.000408,0.401185,26.881805,91.252192,142.466342,209.32713,219.697678,192.739687,177.438364,137.567492,57.189762,5.894986,2.031932,3.276436,3.056,2.14392,0.443616,0.013308
2025-01-05,0.00036,0.00076,0.000396,0.000608,0.000384,0.000484,0.000352,0.01154,2.990623,15.901919,36.230314,46.815636,59.344877,52.348449,30.261561,18.802601,13.989357,2.710765,0.14807,0.486828,0.00036,0.000368,0.000336,0.000312
2025-01-06,0.000304,0.000288,0.000352,0.000328,0.000344,0.000336,0.000328,0.082833,8.480167,45.210403,54.056441,75.168091,65.246746,144.087417,133.247689,70.092887,31.897255,4.158344,1.778305,2.098228,0.39402,0.026296,0.000408,0.0004
2025-01-07,0.00044,0.000352,0.000376,0.000368,0.000384,0.000264,0.000344,0.167527,14.618524,60.461573,116.811091,151.345407,149.321913,118.600687,77.924474,49.852841,17.019616,2.043057,1.687352,1.85164,1.125848,0.030768,0.000296,0.000096
2025-01-08,0.000104,0.000112,0.000128,0.000232,0.000232,0.000216,0.0002,0.09302,11.167808,39.08846,86.033984,62.584568,47.387605,37.137032,44.084526,41.669809,17.897008,2.711271,0.418044,0.310304,0.000512,0.000296,0.0004,0.000376
2025-01-09,0.00036,0.00036,0.00028,0.00016,0.000128,0.000176,0.0002,0.026196,6.381933,41.286637,93.052787,114.783428,125.958719,100.760362,61.7532,19.968885,6.674791,1.739865,1.490851,1.328588,0.70836,0.001264,0.000312,0.000296
2025-01-10,0.000296,0.000248,0.000256,0.000272,0.000232,0.000328,0.000384,0.025923,2.94888,14.816844,34.835648,73.860775,97.826963,95.661946,95.57374,51.167458,19.511038,2.571818,1.062404,1.037708,0.113156,0.000352,0.000344,0.000312
2025-01-11,0.000272,0.000224,0.00024,0.000224,0.000232,0.000216,0.000224,0.05299,4.644622,33.257303,58.193955,99.62463,114.015479,76.034433,43.713554,30.261259,14.797511,2.498227,0.564417,1.202496,0.118028,0.00052,0.000368,0.00036
2025-01-12,0.000368,0.000328,0.000336,0.00036,0.000344,0.000312,0.000328,0.156571,12.709087,52.683611,116.497671,181.564395,190.560222,121.828732,113.812205,92.728783,39.906763,6.283525,1.959251,2.371648,1.367844,0.257152,0.000336,0.000352
2025-01-13,0.000448,0.000424,0.000488,0.000488,0.000488,0.000512,0.000416,0.393311,21.722371,96.549506,161.585173,180.039699,187.969893,223.151739,196.528696,141.441632,62.599163,9.098248,2.046356,2.774444,1.5789,0.9367,0.019044,0.00054
2025-01-14,0.000408,0.000344,0.000296,0.000384,0.00036,0.000344,0.000296,1.049876,28.954227,82.479148,155.504492,181.038604,186.250111,218.88624,169.259792,129.273482,63.003246,11.417261,1.892406,3.14258,2.554256,0.868836,0.154944,0.000264
2025-01-15,0.000272,0.000248,0.000296,0.00036,0.000352,0.000344,0.00032,0.051524,8.781713,30.876297,63.0196,72.679232,62.794947,74.617635,70.062686,54.758343,22.604802,3.727569,1.559992,1.219348,0.293936,0.031784,0.00044,0.000488
2025-01-16,0.000376,0.0004,0.0004,0.000432,0.00044,0.00032,0.107656,0.137426,4.512556,21.897052,45.04054,91.050816,178.410305,158.191374,156.579616,124.838523,51.386378,6.249168,0.808647,1.182384,0.320464,0.149384,0.000392,0.000344
2025-01-17,0.00036,0.000288,0.000272,0.000264,0.000248,0.000248,0.000184,0.0732,3.740669,17.855894,64.550468,156.477917,204.23208,209.282758,219.88144,178.050711,77.84689,10.975317,2.069407,3.258132,2.975332,1.518492,0.422464,0.013648
2025-01-18,0.000296,0.00028,0.000304,0.000436,0.000336,0.000384,0.000328,1.372973,34.94885,99.793169,141.411219,183.945847,190.549603,155.056255,144.70322,113.105678,50.857667,10.02654,2.035463,3.274548,2.788032,1.698716,0.31862,0.008744
2025-01-19,0.00056,0.000504,0.000568,0.000552,0.000544,0.000612,0.000496,0.626864,35.369583,129.394435,205.448733,231.363095,229.029927,183.729425,141.41223,99.751736,64.419815,12.655793,1.936561,3.100632,2.290052,1.284796,0.281992,0.009756
2025-01-20,0.000336,0.000304,0.000288,0.000288,0.00032,0.000488,0.000344,0.767211,27.838668,99.327192,171.091532,230.907845,237.901941,210.026928,187.575234,122.673282,48.505499,9.329567,2.042647,3.145936,2.337068,1.275528,0.225668,0.000408
2025-01-21,0.000408,0.000504,0.000424,0.0004,0.000448,0.000432,0.000392,1.045304,35.776285,124.047514,207.552315,259.412781,277.514565,270.810639,238.56988,178.537848,87.012623,13.973583,2.096983,3.316832,2.979208,2.033524,0.468464,0.016548
2025-01-22,0.000336,0.000756,0.000372,0.000568,0.000512,0.000344,0.00032,1.354637,26.465653,94.136127,110.599381,129.249118,146.880036,171.108936,178.628554,108.876302,49.460493,9.856742,1.908098,2.460032,1.287804,0.480548,0.00718,0.000444
2025-01-23,0.000336,0.000312,0.000444,0.000344,0.000344,0.000352,0.000352,0.692289,32.295901,121.048898,198.199219,228.990517,226.370659,218.452526,178.377746,137.925248,69.994818,13.499844,1.876648,3.034824,2.853092,1.796724,0.125168,0.000352
2025-01-24,0.000272,0.00024,0.00032,0.000296,0.00028,0.00028,0.000248,0.897476,29.427746,85.45594,140.086541,182.615194,186.551846,187.327999,150.979135,87.598689,42.62626,14.609717,2.124467,3.233348,2.38376,0.734244,0.141004,0.000288
2025-01-25,0.000256,0.00024,0.000336,0.000352,0.000336,0.000352,0.00036,1.101217,35.684337,130.602124,210.257087,240.150528,194.271129,128.747245,103.939272,88.996011,48.043175,10.27392,2.083981,3.275744,2.9335,2.004344,0.537572,0.015568
2025-01-26,0.00044,0.000536,0.000288,0.000288,0.000344,0.000264,0.000392,0.997689,18.553008,45.745569,71.353345,74.005256,82.866776,88.14268,58.413649,34.583678,25.469712,6.055494,1.770138,1.156524,0.257524,0.003964,0.000376,0.000376
2025-01-27,0.0004,0.000384,0.000392,0.000416,0.000416,0.0004,0.000384,0.056741,5.860644,38.17302,46.371053,70.62138,111.299653,126.921968,78.546278,52.592357,26.106434,5.609576,1.656133,1.412448,0.256788,0.000416,0.000448,0.00044
2025-01-28,0.000432,0.000352,0.000224,0.000216,0.000136,0.000128,0.000208,0.010283,1.341613,10.877639,33.290738,54.427882,69.460723,102.75007,63.666552,43.59918,18.341171,3.36878,1.068515,1.11432,0.536028,0.000304,0.000488,0.000568
2025-01-29,0.000536,0.000408,0.000152,0.000112,0.00012,0.000112,0.000128,0.077993,7.112756,29.206414,72.143966,111.432155,127.510999,130.638979,106.175353,101.577147,54.00725,11.71152,1.72731,1.67302,0.359712,0.000408,0.000392,0.000344
2025-01-30,0.000408,0.00036,0.000152,0.000152,0.000144,0.000144,0.00016,1.121765,40.831813,130.08943,188.401869,220.700245,224.939983,240.601581,191.997782,149.883711,91.562663,20.95858,2.265493,3.318172,3.24656,2.345856,0.492712,0.015692
2025-01-31,0.000256,0.0005,0.000336,0.000264,0.000248,0.000256,0.00034,0.773638,12.245781,21.443471,68.791756,147.077838,118.610277,105.049128,58.308497,30.280983,13.275761,4.004844,1.994874,1.526648,0.855648,0.61664,0.008056,0.000376
2025-02-01,0.000392,0.0004,0.000376,0.000384,0.000352,0.000368,0.00252,0.00713,0.527974,3.495172,7.623768,10.654627,16.789318,32.657166,33.030932,20.04834,9.539762,2.370525,0.036558,0.133928,0.000392,0.000376,0.0004,0.0004
2025-02-02,0.000312,0.000248,0.000232,0.00024,0.000264,0.000256,0.00342,1.329127,32.925356,79.540044,148.055468,207.447263,265.495643,266.416995,206.133839,107.273191,38.22208,9.787092,2.090948,3.276648,3.04984,2.000332,0.337532,0.00694
2025-02-03,0.000192,0.000668,0.000248,0.00032,0.000248,0.00024,0.00252,0.642849,21.814994,72.316064,135.9893,195.383594,187.881825,147.862994,124.835233,79.546469,37.29405,10.51759,2.188795,2.881068,1.637592,0.49758,0.078856,0.000432
2025-02-04,0.000352,0.000344,0.000504,0.00036,0.00036,0.000368,0.003652,0.263263,7.877302,18.861046,29.594,77.128396,65.965459,60.665857,76.698584,58.5071,28.624332,7.361002,1.681776,1.616028,0.536816,0.04578,0.000416,0.000392
2025-02-05,0.000384,0.0004,0.000416,0.000384,0.000376,0.000352,0.004233,0.374906,11.895217,43.498757,75.145439,109.174088,126.286652,128.147733,131.215631,96.114315,42.688473,3.181302,1.932601,2.048956,0.773196,0.018528,0.000232,0.000216
2025-02-06,0.000192,0.000152,0.000216,0.000168,0.000136,0.00012,0.004203,0.112015,1.734813,8.417291,29.150981,59.682412,88.459472,117.731841,90.773956,62.705433,35.290664,10.978765,1.978302,1.69722,0.423412,0.007252,0.0004,0.000408
2025-02-07,0.000296,0.000256,0.000232,0.000248,0.00024,0.00024,0.004111,0.507251,9.819571,24.839897,28.453581,35.086759,47.26816,50.480999,46.998519,42.727219,23.559687,6.680807,1.267551,0.973548,0.104076,0.000264,0.000304,0.000352
2025-02-08,0.00036,0.000368,0.000392,0.000392,0.000384,0.000392,0.00472,0.451958,9.576531,44.010652,68.620161,70.10364,76.352591,70.499475,60.599685,44.086778,26.648682,7.381706,1.775618,1.921716,0.281708,0.010776,0.000288,0.000272
2025-02-09,0.000272,0.000264,0.000272,0.000272,0.000272,0.00028,0.004841,0.321266,12.034705,44.897243,86.002104,96.70823,125.8414,106.013484,93.624897,62.081759,30.842365,10.338556,1.949385,1.966628,0.822056,0.233624,0.005088,0.000664
2025-02-10,0.000176,0.000788,0.000184,0.00032,0.000168,0.00032,0.003548,0.627668,16.974581,57.664686,102.326891,150.027065,169.660609,209.278577,229.266038,195.745574,124.033417,34.838841,2.594557,2.798964,1.774164,0.492576,0.046024,0.00044
2025-02-11,0.000416,0.000368,0.000416,0.00036,0.000128,0.000112,0.006486,3.959021,59.057544,155.520031,232.250706,281.543549,304.970799,303.037872,274.085171,216.951478,129.423813,32.998595,2.539517,3.315644,3.250472,2.339096,0.596588,0.015292
2025-02-12,0.000256,0.000456,0.00032,0.00032,0.000416,0.000752,0.002145,0.42498,8.002851,52.816477,91.044482,79.985306,99.358771,95.031598,80.95714,51.815112,28.395188,4.837001,0.676525,0.695544,0.299028,0.111296,0.00032,0.000312
2025-02-13,0.000272,0.000272,0.000264,0.000264,0.000264,0.000256,0.005912,4.707902,62.821108,156.935353,225.629249,288.250799,317.831565,283.54026,259.251941,231.058738,143.461908,43.454022,3.069512,3.159232,3.108212,2.373928,0.504744,0.015928
2025-02-14,0.0004,0.000488,0.000428,0.0004,0.000472,0.00082,0.006776,4.954787,68.125516,167.571579,232.884569,248.738693,266.87347,203.240165,140.518017,70.657501,39.163517,15.804924,2.412304,3.297516,2.965832,1.62154,0.213376,0.000384
2025-02-15,0.000384,0.00032,0.000376,0.000408,0.000416,0.000376,0.044258,0.653476,5.246619,10.134748,23.418318,38.914573,51.523866,36.642134,21.301884,6.113541,2.890512,1.101775,0.09203,0.35716,0.000368,0.000368,0.00036,0.000336
2025-02-16,0.00036,0.000392,0.000384,0.000368,0.000376,0.000392,0.005175,3.202079,43.026331,158.248363,191.154249,242.543015,245.502615,284.04627,263.692825,198.825092,115.023389,32.763551,2.993808,3.28262,3.18102,2.176904,0.358824,0.01122
2025-02-17,0.000248,0.000616,0.000232,0.000304,0.0002,0.000276,0.008906,6.240633,79.603272,182.657414,241.808173,265.518782,263.599501,265.355485,228.732743,165.11086,57.101894,17.353242,2.52289,3.060984,3.043344,2.210008,0.401368,0.017264
2025-02-18,0.000256,0.000876,0.000504,0.000392,0.0004,0.000384,0.005494,1.433925,29.681008,79.779145,142.818883,208.591861,276.233734,268.922162,263.231139,196.833282,113.508368,35.869193,3.244565,3.265316,3.022696,2.124724,0.446324,0.016928
2025-02-19,0.000408,0.00116,0.00046,0.0007,0.000488,0.000368,0.005228,2.079018,24.148355,75.223974,135.640639,197.199337,255.623012,253.268767,221.702395,184.421402,124.800984,39.548229,3.430747,3.310096,3.22134,1.9537,0.446668,0.01708
2025-02-20,0.000344,0.00084,0.000388,0.000568,0.000504,0.00038,0.005652,4.457518,47.573187,92.482278,152.197235,233.245756,287.841618,288.389184,263.867073,196.465746,100.515168,31.688813,3.102152,3.304588,3.170564,2.057456,0.371196,0.016072
2025-02-21,0.00028,0.00084,0.000388,0.000528,0.000512,0.000328,0.007608,4.073021,40.903424,112.253738,204.158191,241.867584,284.919489,279.354306,256.027056,205.569127,120.438343,42.207609,3.897477,3.292084,3.003488,1.820256,0.439328,0.016804
2025-02-22,0.00036,0.000844,0.0004,0.00058,0.000432,0.000436,0.007276,7.614377,49.867557,94.024544,121.438736,132.226164,156.132092,156.949441,144.517673,114.472118,71.653594,31.590532,3.505855,3.168972,1.730552,0.459692,0.064152,0.000328
2025-02-23,0.000328,0.000404,0.000344,0.000112,0.000032,0.000072,0.004829,1.788211,27.067441,80.724581,84.097701,94.410276,135.099446,150.663166,132.389418,84.951614,40.568693,22.059867,2.558656,2.652248,1.709196,0.44382,0.060956,0.000208
2025-02-24,0.000192,0.000168,0.000316,0.000208,0.000208,0.0002,0.004907,2.508207,27.174672,68.937775,129.412146,170.564089,207.157645,256.186319,256.580321,213.54871,141.317402,52.83961,4.237617,2.810608,1.791476,0.714472,0.097648,0.000368
2025-02-25,0.000344,0.000288,0.000344,0.000368,0.000368,0.000352,0.012777,10.920356,86.725585,171.298618,228.882768,187.528872,153.134971,154.003094,140.941389,70.127818,39.80326,12.837807,2.393479,3.070596,1.955736,0.914688,0.016776,0
2025-02-26,0,0,0,0,0.000108,0,0.011527,10.360347,72.320985,159.516714,235.889057,289.834143,292.333393,271.670931,240.038968,199.833411,116.567965,40.40861,4.511398,3.317848,3.277024,2.31464,0.38496,0.015056
2025-02-27,0.000104,0.000404,0.000116,0.000096,0.000088,0.000332,0.011057,14.205907,65.474279,71.810168,88.652156,97.908541,85.751923,60.155851,38.266576,30.090388,14.501056,5.886378,0.728867,0.895864,0.459524,0.021288,0.000192,0.00024
2025-02-28,0.00028,0.00028,0.000328,0.00036,0.00036,0.000328,0.004524,3.057275,25.21683,65.726933,130.668847,183.167725,180.455045,129.680956,103.621954,104.985939,71.333239,32.756024,3.218425,3.134968,2.973696,1.902652,0.509672,0.015272
2025-03-01,0.00008,0.000424,0.000092,0.00008,0.00008,0.000296,0.002626,0.90175,11.709357,29.21225,60.568485,73.653834,42.205968,33.145946,37.496748,35.973843,17.167771,9.799362,0.91456,0.175276,0.000336,0.000368,0.000376,0.00036
2025-03-02,0.000312,0.000368,0.000376,0.00032,0.000312,0.000312,0.00922,6.879775,30.072693,65.021412,89.37053,54.851139,47.726869,51.277333,44.231227,31.550944,12.05959,4.914435,0.29511,0.122584,0.000248,0.000248,0.000264,0.000256
2025-03-03,0.000264,0.00024,0.000264,0.000264,0.000272,0.00028,0.002505,0.29432,3.219791,8.136434,17.441839,48.864358,49.339758,42.090806,17.813001,38.309289,21.78143,5.618165,0.501232,0.230128,0.003828,0.000248,0.000264,0.00024
2025-03-04,0.000256,0.000216,0.000248,0.000248,0.000272,0.000272,0.004902,2.018677,6.85566,16.454928,21.076637,27.232355,76.070289,81.52907,44.02694,37.812416,33.707344,14.828381,1.813299,0.99504,0.495356,0.001224,0.00036,0.000304
2025-03-05,0.000312,0.000304,0.000344,0.000344,0.000344,0.000328,0.008679,3.921855,22.924169,33.609568,62.907269,70.996707,73.444655,53.927118,37.349152,25.49986,11.25026,7.51978,1.885717,1.261112,0.718244,0.545468,0.201,0.000328
2025-03-06,0.000328,0.000312,0.000328,0.000368,0.000352,0.000336,0.010019,5.934023,20.971498,80.225964,141.459808,224.257357,261.475684,268.938093,221.029717,176.274882,125.096358,47.933603,5.836973,3.00036,2.955916,2.038256,0.542864,0.015912
2025-03-07,0.000392,0.000752,0.000384,0.000484,0.000468,0.00036,0.021242,15.579095,84.805614,153.176772,158.431944,178.671203,212.917122,202.860697,143.138126,82.222485,42.661653,16.42601,2.860428,2.93934,2.425412,1.837188,0.55892,0.016364
2025-03-08,0.000336,0.000828,0.000388,0.00056,0.000408,0.000336,0.005486,1.743462,19.347822,81.921527,137.508743,103.871067,63.186554,39.974362,44.321883,35.014996,25.667557,19.158791,4.173415,1.509744,0.431388,0.000248,0.00024,0.000272
2025-03-09,0.000296,0.000296,0.000328,0.0004,0.000384,0.000392,0.058303,18.707225,89.839528,173.702733,223.106893,243.73755,258.759193,253.312731,228.351873,193.117356,122.171458,47.926968,5.343858,2.918716,2.90488,2.106592,0.57808,0.016916
2025-03-10,0.000376,0.000892,0.000456,0.000672,0.000384,0.000512,0.024489,12.731038,45.472585,56.89402,89.886533,56.710363,57.699766,64.105342,46.812723,35.589099,19.125058,16.006898,3.105925,0.879072,0.28072,0.000424,0.000408,0.000384
2025-03-11,0.000384,0.000336,0.000384,0.000376,0.000304,0.000232,0.011425,5.352922,27.868614,48.171106,84.554588,137.817678,122.105278,141.961561,202.548706,174.112726,102.726426,41.773651,5.832779,2.556796,1.12128,0.660452,0.012976,0.000432
2025-03-12,0.000328,0.000304,0.000264,0.000288,0.000256,0.000248,0.10486,22.463065,49.415691,60.65171,77.340457,63.641091,44.265115,61.41461,56.112276,30.788673,23.559684,24.669301,3.192588,0.913296,0.007944,0.000336,0.00032,0.00032
2025-03-13,0.00028,0.000288,0.000312,0.000352,0.000344,0.000336,0.008934,3.122563,20.475044,43.391688,68.975629,70.183755,123.616887,222.998189,165.47754,91.265702,103.051199,43.14639,5.204496,2.581852,1.330644,0.172456,0.00616,0.000348
2025-03-14,0.000248,0.000312,0.00028,0.00028,0.000272,0.000272,0.012344,6.727645,34.636547,74.871377,88.945875,233.613573,280.23808,253.07831,212.60247,125.078393,77.756218,48.509948,4.864321,3.005692,2.785084,1.917872,0.316956,0.000248
2025-03-15,0.000192,0.000328,0.00026,0.000248,0.000224,0.000328,0.002965,0.843085,6.458287,17.293759,54.077911,72.462842,69.605494,37.510724,29.875535,38.573816,16.287807,5.919538,2.082971,1.313256,0.414072,0.05106,0.000248,0.00028
2025-03-16,0.000264,0.000224,0.000256,0.000264,0.000256,0.000248,0.177335,18.258389,73.385396,131.385102,149.458135,117.34432,76.921621,78.990104,48.507769,55.351657,97.141772,34.016078,3.807327,1.199516,0.34944,0.00028,0.000304,0.000264
2025-03-17,0.000264,0.000232,0.000376,0.000376,0.000368,0.000344,0.136845,13.408723,65.031507,150.710179,221.905532,268.851795,289.244637,263.310661,238.872494,212.559454,157.546526,70.312451,9.145487,3.038824,2.923204,1.982616,0.448312,0.016468
2025-03-18,0.000368,0.000328,0.000396,0.000492,0.000456,0.000492,0.130494,19.602097,76.345369,133.523912,147.091239,192.308241,152.411776,180.376273,165.458158,130.29968,70.636762,25.403128,3.622158,2.935552,2.126952,1.171228,0.062136,0.000296
2025-03-19,0.000288,0.000256,0.000404,0.000304,0.000296,0.000296,0.407985,19.540996,69.984351,99.48475,147.549167,165.077443,215.278864,270.423892,271.754516,239.641434,165.437415,71.970591,9.57954,2.972288,2.970008,2.144644,0.539524,0.015716
2025-03-20,0.00032,0.000424,0.000344,0.000272,0.000248,0.000472,0.701605,30.146029,109.490353,176.919877,243.130983,279.130251,284.298794,287.451231,243.899006,214.327041,144.422113,62.280509,9.623988,2.988264,2.960072,2.190764,0.509908,0.016432
2025-03-21,0.000408,0.00076,0.000464,0.000464,0.000572,0.000432,0.638258,26.99992,101.999117,189.79742,251.932395,252.044876,266.132949,261.209442,239.710693,198.446906,141.234804,66.965542,9.831692,3.004716,2.873112,2.142064,0.609728,0.016748
2025-03-22,0.00036,0.001,0.000472,0.000708,0.000408,0.000692,0.758162,29.883722,112.123894,182.330912,223.979762,257.904601,272.750116,269.809726,248.428069,204.743494,149.157777,69.858741,10.10413,2.977456,2.891708,2.143952,0.606444,0.016436
2025-03-23,0.000296,0.000968,0.000392,0.000756,0.000436,0.00042,1.032077,33.7029,117.506247,182.10749,223.938026,255.669143,265.853257,258.250794,224.45243,172.875312,139.84278,51.579778,8.544059,3.023628,2.855832,2.100572,0.593352,0.016408
2025-03-24,0.000368,0.00118,0.000432,0.000832,0.000564,0.000384,0.47518,25.121537,103.715076,182.113444,206.167505,233.712066,249.696401,246.399259,223.332367,180.058193,127.982673,56.282131,9.619095,2.983744,2.962208,2.167848,0.523212,0.016496
2025-03-25,0.000368,0.001104,0.000444,0.00078,0.000384,0.000456,0.993386,28.550196,92.221251,157.059513,200.02241,229.995275,244.838011,241.371461,220.491763,178.907483,127.180781,61.004554,10.3394,2.964748,2.9227,2.146304,0.59548,0.016232
2025-03-26,0.000376,0.001068,0.000596,0.000632,0.000608,0.000488,1.228149,31.584427,95.096718,164.806566,207.521434,249.720892,262.446048,247.400616,218.4991,182.386387,131.245818,43.046417,6.422227,2.940144,2.540516,1.44324,0.012712,0.000232
2025-03-27,0.00024,0.000992,0.000248,0.0005,0.000364,0.000264,1.143674,18.710975,52.042672,77.688353,125.03175,63.664663,14.806395,42.543068,13.383805,15.126024,10.340927,7.436491,1.789089,0.85962,0.110664,0.000312,0.00036,0.00036
2025-03-28,0.000344,0.000312,0.000384,0.000392,0.000384,0.00036,0.027051,3.380652,23.16726,93.324968,157.900347,200.40388,241.007545,208.379084,138.751583,129.096224,79.635479,27.096162,3.895857,2.957328,2.814376,2.00418,0.508244,0.015088
2025-03-29,0.000112,0.000672,0.000404,0.000272,0.000256,0.000248,1.719474,28.054929,86.214697,158.637151,204.240738,168.701343,118.34651,135.75881,118.357203,70.648635,38.803003,19.970558,7.044337,2.859872,2.017804,0.995456,0.014296,0.000328
2025-03-30,0.000328,0.000304,0.000324,0.00004,0.00004,0.000108,2.65973,44.608472,135.274688,193.279211,226.014646,259.328128,229.837933,188.539401,172.434757,174.259876,113.753449,49.22165,9.512363,3.030292,2.920744,2.013792,0.473444,0.018508
2025-03-31,0.000104,0.000548,0.000152,0.000072,0.000072,0.000096,1.771823,34.935704,122.595102,200.158101,256.832515,291.760189,234.456451,253.046198,276.280205,194.117223,101.932252,46.908996,8.844802,2.987928,2.939632,2.119388,0.47494,0.016132
2025-04-01,0.00024,0.000804,0.000336,0.000288,0.000272,0.006394,2.052923,25.109789,61.358923,114.816377,222.41238,307.700966,320.638274,276.637299,266.095925,203.090508,147.361317,77.794712,14.512116,3.083834,3.009124,2.22024,0.4248,0.015228
2025-04-02,0.000208,0.000692,0.000268,0.000224,0.000296,0.00743,3.296556,46.397909,134.318435,216.193665,266.965438,305.132811,319.668112,312.025862,283.165661,228.53428,147.570933,57.342268,10.483434,3.05976,2.98322,2.1356,0.404532,0.01598
2025-04-03,0.000384,0.00092,0.000428,0.00044,0.000532,0.005303,2.327631,27.576954,97.346693,185.220645,235.973244,278.008048,275.771245,231.070532,199.962025,161.304201,100.999094,49.204005,12.022493,3.072316,2.98258,1.69136,0.312292,0.016756
2025-04-04,0.000312,0.000776,0.000464,0.000652,0.0004,0.006054,4.251078,41.10782,113.474908,163.69029,193.889543,207.658896,184.537062,187.125769,182.904671,104.307539,57.73447,33.688717,8.647256,3.044748,2.996696,2.082444,0.391236,0.016472
2025-04-05,0.000208,0.00084,0.000528,0.00038,0.000424,0.005165,1.286071,17.250423,62.011609,127.183098,169.976079,131.624604,69.220725,69.527517,67.054271,130.103643,124.931016,60.799593,12.894429,1.553992,1.01526,0.063712,0.009952,0.000344
2025-04-06,0.000344,0.000344,0.000368,0.000376,0.000368,0.007066,4.164754,51.790542,141.171027,220.760734,243.72036,273.080722,284.083722,276.726352,253.173588,231.986337,165.946876,77.196296,14.591333,3.112333,3.014508,2.21186,0.394664,0.016472
2025-04-07,0.000216,0.00096,0.000456,0.00034,0.000428,0.008104,4.688658,53.774594,141.320757,219.343529,273.708524,278.994677,275.278632,263.216845,252.917492,204.519114,131.378136,68.158087,13.508778,2.821007,2.710408,2.029212,0.399296,0.016388
2025-04-08,0.000304,0.000936,0.000604,0.000568,0.00052,0.006477,4.837176,47.444968,126.791225,204.539174,255.630655,256.50008,264.426971,254.580423,227.944832,207.539893,138.444063,63.942698,14.194459,2.813923,2.704976,2.024652,0.411992,0.016176
2025-04-09,0.000272,0.000912,0.000644,0.000444,0.000492,0.006396,5.319701,48.820732,123.014588,195.937927,248.90105,272.506403,229.686048,240.519822,180.112996,123.182643,77.788089,21.251217,12.188808,2.732738,2.173676,1.391752,0.199352,0.000352
2025-04-10,0.000344,0.000908,0.000472,0.000392,0.00058,0.003223,1.676213,17.355755,50.047479,156.272686,216.506354,267.909421,280.61247,269.881767,239.974856,216.2418,133.226408,68.228292,17.409101,2.833559,2.590544,2.069932,0.40868,0.016544
2025-04-11,0.000336,0.001032,0.000604,0.000764,0.000428,0.007407,6.586755,55.465817,138.792211,213.115287,264.997739,298.10874,309.584552,299.668948,264.676127,213.741856,130.878142,52.58084,13.486813,3.081745,2.969832,2.11694,0.401708,0.015856
2025-04-12,0.000352,0.001572,0.000576,0.000824,0.00036,0.004044,0.395728,3.12166,16.354625,67.537126,73.780673,65.522313,36.684637,31.869998,23.309169,28.758851,16.066801,5.70143,1.313712,0.771485,0.006316,0.000232,0.000248,0.00028
2025-04-13,0.000312,0.000384,0.000384,0.000376,0.000368,0.008744,7.084594,56.652128,138.342986,171.81766,176.098989,156.399683,208.745063,214.381664,188.686492,181.806828,154.683135,78.065571,17.818996,3.128741,2.771744,1.187256,0.020596,0.000328
2025-04-14,0.000352,0.000812,0.000464,0.000432,0.000448,0.005204,3.2761,43.886218,134.470873,220.294242,271.686744,279.221765,279.854629,256.447893,248.681642,207.546675,115.275714,43.083677,7.398151,3.06134,2.987364,2.086704,0.377312,0.016168
2025-04-15,0.000288,0.001004,0.000456,0.000304,0.00012,0.010482,6.917693,47.97335,131.439732,225.931707,270.104862,276.640213,285.886263,278.907247,262.980763,236.889807,161.781222,75.928505,15.890702,2.884116,2.726256,2.0809,0.399812,0.016284
2025-04-16,0.000344,0.000896,0.000456,0.00072,0.000352,0.012163,9.980282,51.079437,125.541217,181.340418,230.036352,247.725416,232.724842,238.699855,205.825494,161.457371,113.716084,69.337039,20.830945,2.954249,2.718248,2.032184,0.409556,0.015852
2025-04-17,0.000304,0.000972,0.000392,0.000668,0.000444,0.010954,4.451633,34.159496,79.913729,133.701049,169.027117,184.86783,201.911183,181.891757,158.856455,118.94599,74.591237,29.507573,6.811471,0.934494,0.678216,0.624368,0.0128,0.000344
2025-04-18,0.000344,0.000312,0.00036,0.000368,0.00036,0.010525,7.571545,45.156803,102.829017,158.453021,197.09623,225.291463,233.992733,228.022121,200.210139,161.336418,110.537198,50.092689,13.245477,1.689821,0.90468,0.633744,0.044808,0.003872
2025-04-19,0.00032,0.000312,0.000328,0.000352,0.000368,0.007306,7.01456,45.545321,82.965909,114.506036,132.353578,159.615722,182.377336,170.264533,118.611921,66.938451,17.742654,10.3648,9.02266,2.314316,1.2012,0.634296,0.01304,0.000456
2025-04-20,0.0004,0.000472,0.000376,0.000408,0.0004,0.006448,2.395866,21.731935,72.453213,143.079065,118.664078,104.780221,80.255147,117.182238,153.815583,127.45699,79.263912,27.615103,4.438527,1.79532,0.918292,0.618608,0.00904,0.000432
2025-04-21,0.000424,0.000416,0.0004,0.000408,0.000424,0.005064,3.990837,24.757302,56.050483,102.228904,137.320872,158.280595,171.540469,163.085318,149.939559,119.628769,80.037488,41.110224,8.531089,2.818796,2.694988,2.030524,0.376852,0.016028
2025-04-22,0.000224,0.000656,0.0005,0.000372,0.000256,0.003051,0.365649,2.892633,10.089025,16.02375,29.547389,60.844224,112.23316,123.564708,85.747512,92.209033,56.764291,35.492206,11.623337,1.046576,0.599232,0.022624,0.000512,0.000512
2025-04-23,0.000536,0.000544,0.000536,0.000544,0.000456,0.00579,5.374955,23.880434,47.731205,60.84228,111.916282,167.978122,220.289933,197.545933,218.541305,157.824755,85.75187,53.219418,21.213724,3.031731,1.431148,0.6373,0.013704,0.000248
2025-04-24,0.000264,0.000272,0.000296,0.0002,0.000248,0.039634,10.870395,65.420884,154.434331,222.31936,280.752172,306.564364,294.630855,315.056619,277.390358,236.036806,136.178119,53.658492,15.480613,3.184592,3.041708,2.163208,0.405516,0.016412
2025-04-25,0.0004,0.000724,0.000552,0.000568,0.0004,0.016065,11.340617,56.689616,90.322784,133.308054,175.701179,193.279903,255.090802,288.676296,273.292635,233.913802,180.758509,90.565103,20.096844,3.355433,2.820356,2.23996,0.325876,0.016268
2025-04-26,0.000368,0.000432,0.000372,0.000464,0.000256,0.113192,12.849925,75.337241,165.393231,239.896821,249.786187,272.360129,279.77627,271.929811,247.893382,227.199901,164.691888,82.760022,20.579639,3.292511,2.8136,2.248452,0.41448,0.016076
2025-04-27,0.000376,0.0007,0.000556,0.0006,0.000304,0.049204,12.46663,71.297062,146.554857,213.396925,234.038551,250.173475,248.83136,198.282341,90.558569,40.038046,25.685406,6.798044,2.92976,3.070011,2.623456,1.439844,0.128864,0.00036
2025-04-28,0.000376,0.001004,0.000316,0.000288,0.00028,0.00744,5.942374,34.519388,69.422948,124.008734,218.911689,259.919289,288.562938,267.6912,242.854018,213.224989,172.878223,88.458199,20.985462,3.638347,3.033364,2.258068,0.418004,0.015772
2025-04-29,0.000328,0.001028,0.000524,0.000612,0.000368,0.144594,14.041098,77.160931,166.491793,242.538717,293.569915,318.146945,285.659907,308.71877,292.468687,237.556784,163.647257,83.687161,21.656998,2.949929,2.372312,1.622712,0.40362,0.01576
2025-04-30,0.000384,0.001164,0.000532,0.00066,0.000596,0.117394,14.798778,76.454387,159.868337,215.813682,266.887412,286.760916,305.2953,317.057793,294.184774,243.528604,174.513837,89.983718,21.26268,3.122918,2.378128,1.655348,0.41602,0.01612
2025-05-01,0.000224,0.000896,0.000396,0.000612,0.000296,0.166966,15.099331,53.534978,101.152981,106.977843,75.924756,32.518313,33.993876,30.577633,6.723599,3.498994,3.814164,2.750656,1.342485,0.461563,0.014088,0.0004,0.0004,0.000352
2025-05-02,0.00036,0.00036,0.0004,0.000248,0.00024,0.187195,14.092978,79.253897,168.81359,242.852567,255.38703,276.87947,286.32517,278.226219,253.608459,218.394765,169.344674,85.943024,22.572421,3.127709,2.3805,1.630284,0.412688,0.016332
2025-05-03,0.000256,0.000736,0.000348,0.012176,0.037536,0.184776,13.788219,58.886033,100.889684,149.020696,137.789868,97.180947,109.780353,100.517163,130.649702,89.95274,107.558446,82.221812,25.69166,2.113321,0.216764,0.000304,0.000304,0.00028
2025-05-04,0.000312,0.000392,0.000424,0.000344,0.000232,0.232495,15.80171,80.941224,171.075313,223.567949,256.813951,282.813006,290.493413,282.227943,257.17603,237.1483,175.643465,90.429914,22.989698,2.827204,2.089752,1.352836,0.13024,0.000368
2025-05-05,0.000384,0.00092,0.000588,0.0004,0.000408,0.230212,20.759818,69.208783,83.03179,96.935685,140.853366,114.610157,42.755142,30.220877,40.197132,30.402564,30.532747,17.989256,7.460091,0.305634,0.00036,0.000328,0.000336,0.000312
2025-05-06,0.000392,0.000384,0.0004,0.0004,0.000408,0.006177,2.525267,12.79954,27.993342,50.158215,40.801215,76.264894,94.666536,68.575431,44.944655,55.801188,70.235005,57.820235,24.178863,2.199795,0.03552,0.000376,0.000384,0.000376
2025-05-07,0.000376,0.000352,0.000392,0.000416,0.000408,0.366773,19.316412,75.379784,151.497544,221.77419,272.086234,282.685111,267.678853,275.929562,234.494007,184.853262,119.333346,66.607867,22.905407,2.95298,2.040184,1.340664,0.145772,0.000312
2025-05-08,0.000336,0.001008,0.000484,0.000376,0.000368,0.464912,19.525313,75.983972,155.230294,225.027548,268.355076,296.917336,310.245541,279.515655,216.771839,145.004925,81.732416,45.762046,12.985492,2.312644,1.814376,1.158712,0.118268,0.00044
2025-05-09,0.000424,0.001124,0.000516,0.000416,0.000456,0.062244,1.116495,7.097829,14.468364,25.645254,20.408597,29.999791,24.576442,27.698099,33.69382,36.650116,30.840727,15.29836,9.65816,0.542764,0.00036,0.00036,0.000376,0.000352
2025-05-10,0.00036,0.000304,0.00036,0.000352,0.000296,0.201373,9.742592,51.053604,108.77949,185.697825,215.532989,174.645594,120.078678,164.493518,90.228275,77.908124,104.718929,68.698673,16.310727,2.846241,1.075724,0.2002,0.001076,0.000668
2025-05-11,0.000368,0.000504,0.000384,0.00044,0.000468,0.055601,6.097373,25.0897,31.480732,48.42897,131.302916,231.092577,212.34332,199.658596,225.670979,201.066838,145.824424,89.025869,25.498058,3.654607,2.242436,1.104876,0.289448,0.013472
2025-05-12,0.000232,0.000484,0.000312,0.000248,0.000256,0.578989,19.472195,80.620488,158.669792,220.042605,263.235882,283.50929,265.890769,263.139112,269.942801,229.398563,161.801547,85.841963,25.494441,3.543195,2.345208,1.639824,0.443576,0.01522
2025-05-13,0.000224,0.000568,0.000288,0.000256,0.000456,0.613101,19.038599,83.333034,162.328069,225.980049,270.733064,288.624151,299.543674,301.231085,275.86046,223.740071,153.857006,89.471349,25.831898,3.579925,2.3809,1.673532,0.434192,0.014864
2025-05-14,0.0004,0.000736,0.000452,0.000444,0.000432,0.737875,20.640712,79.244003,153.773285,219.918408,273.369909,245.326019,202.464909,156.727698,125.699463,103.847476,65.848868,39.617334,19.323006,2.71454,1.342628,0.328908,0.00024,0.000216
2025-05-15,0.000256,0.000248,0.0004,0.000472,0.0004,0.116644,8.695173,32.143635,64.185637,81.209347,66.603528,55.954151,55.532958,63.427769,73.416095,48.363681,41.011713,21.609123,11.7082,1.207281,0.11262,0.000272,0.00024,0.000232
2025-05-16,0.000272,0.00028,0.00028,0.000304,0.009376,0.135144,3.912742,11.043836,20.505051,16.67274,19.903558,22.393697,27.876757,21.87133,11.198706,8.421293,7.49889,7.323511,2.550197,0.228932,0.00036,0.000368,0.000384,0.000376
2025-05-17,0.000384,0.000336,0.000392,0.000384,0.000384,0.584198,17.868907,73.178259,129.792607,191.232356,249.042708,214.135459,252.862134,270.240692,259.340055,134.539989,105.629109,65.956703,27.354482,4.849718,1.752684,1.031428,0.17248,0.000304
2025-05-18,0.000352,0.000524,0.000352,0.000368,0.000352,0.591624,17.914588,61.462038,81.460453,146.137129,234.690921,210.555118,243.424795,241.930097,218.070646,144.301422,74.364655,44.276998,22.363927,4.263235,1.907332,1.21542,0.295856,0.015344
2025-05-19,0.000408,0.001036,0.000428,0.000448,0.000492,0.860834,21.634297,67.009405,130.189379,207.014168,258.1578,291.971288,297.996497,287.451767,262.817296,207.712148,114.018162,59.425568,20.965391,4.258832,2.305972,1.583044,0.39496,0.015044
2025-05-20,0.000384,0.000992,0.000456,0.000456,0.0005,0.707331,15.28696,48.302845,101.848635,157.200322,195.949326,237.722913,236.083752,131.911241,106.429175,72.449756,29.277896,14.136598,10.489079,1.565516,0.314424,0.000296,0.000328,0.000392
2025-05-21,0.000368,0.000384,0.000344,0.000376,0.000384,0.901038,12.084151,28.695181,30.876071,32.551612,15.057772,22.80729,15.685692,21.572234,35.077782,46.59662,29.577657,14.027171,4.379445,0.158211,0.000368,0.000408,0.000392,0.000376
2025-05-22,0.0004,0.000408,0.000344,0.00036,0.000312,0.26506,10.817244,59.404918,118.315494,205.685276,259.753628,254.282163,170.496156,157.289373,139.24903,145.708346,108.628884,43.390758,10.981342,2.20149,1.511188,0.848928,0.051264,0.087088
2025-05-23,0.05884,0.041256,0.000272,0.000288,0.000272,0.035528,2.915084,12.197334,22.161162,34.203472,43.601957,42.388544,36.078687,36.282215,25.218584,28.515471,28.560778,21.486925,5.576437,0.2848,0.00032,0.000312,0.00028,0.000264
2025-05-24,0.000256,0.000272,0.000296,0.000304,0.00028,0.192471,6.483399,23.439985,34.1152,73.20193,74.10787,76.30214,111.678656,111.17196,119.121443,132.483446,76.863552,49.028969,18.17109,5.68292,0.484316,0.019296,0.000448,0.000304
2025-05-25,0.000272,0.00032,0.000272,0.000296,0.000272,0.673023,12.6362,39.858769,92.071658,153.061225,222.854335,251.136546,267.324216,260.591397,240.354122,229.307209,165.093462,86.969003,30.057293,4.478535,1.583764,1.060684,0.145976,0.000232
2025-05-26,0.000256,0.00028,0.00028,0.00028,0.000296,1.057012,22.036446,66.401851,126.569561,173.903052,220.615125,286.159435,311.648979,302.178979,280.610252,233.59387,165.640286,90.023018,32.962626,5.78171,1.58954,1.084776,0.145968,0.000376
2025-05-27,0.000376,0.000384,0.000408,0.000424,0.0004,1.24521,23.239944,74.480518,142.487873,205.677148,253.32671,282.51593,292.657134,287.49215,262.362459,217.242624,153.986504,84.397729,29.770187,4.406388,1.636296,1.048164,0.132092,0.000328
2025-05-28,0.000328,0.000328,0.000352,0.00032,0.0004,0.8161,19.962726,61.095065,109.96777,147.978874,223.543367,267.727544,241.740368,215.775979,221.226674,172.130553,124.20786,60.830578,25.594979,4.196718,1.759364,0.955512,0.000288,0.000296
2025-05-29,0.000288,0.000288,0.00032,0.000328,0.000288,0.95086,23.205816,75.106551,143.978924,209.08073,258.931525,290.065922,299.886595,296.662032,271.280413,224.617756,159.658833,86.994799,29.951391,4.489802,1.83358,1.139388,0.12826,0.000416
2025-05-30,0.0004,0.000416,0.000456,0.00048,0.00036,1.573037,22.445797,75.559141,149.378211,212.228343,254.394486,286.871838,299.451617,288.861218,262.832664,216.135242,147.334754,79.797447,30.277636,4.794294,1.832612,1.12544,0.130728,0.000448
2025-05-31,0.000344,0.000328,0.000408,0.000448,0.000392,1.860437,28.790071,73.266583,126.854419,186.56589,197.597672,193.766215,250.082988,215.241102,146.839106,167.536939,118.189605,51.320373,18.259575,2.926619,1.539396,0.267804,0.000264,0.00024
2025-06-01,0.000272,0.000272,0.000288,0.000272,0.000296,2.636912,24.828891,81.345449,156.396043,221.265263,250.72904,250.415164,260.566486,265.134093,266.887307,228.81564,161.13654,86.778736,29.250942,4.462228,1.830424,1.144384,0.065172,0.00036
2025-06-02,0.000392,0.00036,0.000512,0.000552,0.0006,0.125543,7.582886,19.743974,28.86385,42.818351,59.628116,75.380889,81.090663,68.002833,48.21736,27.000325,16.057796,10.845753,5.869886,0.868566,0.003128,0.000504,0.000432,0.000408
2025-06-03,0.00036,0.000328,0.00036,0.000352,0.000368,0.306701,8.921064,73.391477,155.565015,215.196147,238.306427,264.685546,277.585658,260.802472,246.937152,231.128281,170.475303,84.280588,28.108113,4.528733,1.80348,0.644952,0.000312,0.000288
2025-06-04,0.000296,0.000296,0.000352,0.000456,0.00048,1.50226,23.263904,79.91406,155.317652,186.32539,201.838014,261.563794,217.442963,228.178155,228.016389,224.047375,178.921426,102.414018,32.17222,5.063974,1.80762,1.182988,0.017592,0.000456
2025-06-05,0.00044,0.0004,0.000472,0.000592,0.000496,1.512244,22.923988,88.743202,168.90154,234.741078,280.124834,307.643401,279.635755,298.208674,283.515468,217.95505,148.680815,71.542416,35.235119,6.301606,1.856608,1.147516,0.161216,0.000256
2025-06-06,0.00036,0.000384,0.000568,0.000392,0.000392,0.852781,18.952676,60.754643,118.819795,188.963138,186.437207,184.986826,212.251979,186.289159,167.968198,116.919886,66.062901,55.086411,22.377748,3.041651,1.291976,0.175696,0.000512,0.000536
2025-06-07,0.00056,0.00048,0.000392,0.0004,0.000416,0.518554,15.877435,49.533225,111.233188,119.035261,139.912851,215.449352,88.871285,44.948135,46.36105,45.389398,43.181786,25.9413,9.130141,1.264198,0.000496,0.000488,0.000488,0.000488
2025-06-08,0.00052,0.000504,0.00048,0.000448,0.000376,0.392018,5.981373,15.469029,25.012894,36.016565,53.415108,69.183672,49.295389,49.868469,81.071278,69.014831,44.135999,36.610917,17.789672,1.653893,0.000416,0.0004,0.000424,0.000416
2025-06-09,0.000456,0.0004,0.0004,0.000408,0.000424,0.18148,10.599053,37.880956,92.876384,106.710114,100.458746,117.072406,108.997424,113.204809,130.154554,161.943644,119.521648,85.604621,44.488534,9.533154,0.30248,0.000384,0.000408,0.000408
2025-06-10,0.000448,0.000376,0.000408,0.0004,0.000408,0.137035,12.307658,60.286207,115.044864,141.401547,133.824244,107.933494,65.371126,76.222723,76.031363,73.018205,48.850615,44.814514,15.607128,2.077363,0.057696,0.018384,0.000496,0.000472
2025-06-11,0.000528,0.000512,0.000528,0.0004,0.000408,0.536196,7.284881,43.649728,100.248053,137.999362,171.462412,194.496044,272.252488,257.970914,273.901758,241.937221,175.392302,91.17787,32.490963,4.461,1.843816,0.89486,0.014464,0.0006
2025-06-12,0.00056,0.000488,0.000416,0.000472,0.000504,0.370895,13.245214,27.690316,39.057388,44.680822,60.841631,57.343086,61.015916,58.956676,74.328672,55.284623,46.026381,32.968108,20.822194,1.860066,0.000408,0.000416,0.000448,0.000432
2025-06-13,0.000424,0.000368,0.000352,0.00036,0.000424,0.533077,12.792314,30.475069,76.959882,92.626357,113.454645,88.701101,80.744506,72.655386,58.494216,38.490219,20.078599,11.490645,2.124719,0.778758,0.096008,0.0166,0.00032,0.00032
2025-06-14,0.000336,0.00032,0.000376,0.00048,0.000512,0.034211,1.727687,8.099191,13.516064,52.126408,124.719991,146.476816,98.810137,127.590271,148.346936,135.633629,131.278128,80.331018,23.704316,3.88311,0.000416,0.000424,0.000376,0.000392
2025-06-15,0.000392,0.000384,0.000392,0.000392,0.0004,0.846307,11.079271,28.256246,39.374975,65.720652,117.170574,168.873849,166.051878,113.380788,99.860546,82.242606,24.369409,10.383843,6.341288,1.344714,0.039312,0.000328,0.000424,0.000416
2025-06-16,0.000424,0.0004,0.000424,0.000424,0.000392,0.265166,1.863948,5.150509,14.386563,21.301196,49.830503,110.386445,173.807903,235.292113,242.855194,172.391551,149.163562,94.456388,33.947149,5.741188,1.505776,0.145392,0.00036,0.000368
2025-06-17,0.000408,0.000384,0.00044,0.000416,0.000408,0.798156,16.882349,55.600642,118.772981,159.777327,180.185211,170.292737,233.912393,255.164339,209.561055,202.694299,153.673463,83.738777,43.997897,10.686886,1.728184,0.602,0.000344,0.000336
2025-06-18,0.000328,0.000336,0.000336,0.000344,0.000368,1.41842,22.235769,79.092244,149.799689,205.96508,244.438076,268.381944,286.209097,291.787878,271.638796,230.030779,169.430341,98.599712,39.856528,7.354898,1.420272,0.45508,0.000312,0.000336
2025-06-19,0.000376,0.000352,0.000408,0.000448,0.00044,0.505603,11.466725,44.715478,85.058627,106.548268,110.011853,118.241032,120.511918,113.632357,116.968505,102.924901,82.784261,56.247669,22.78861,3.474335,0.258036,0.00032,0.000328,0.000344
2025-06-20,0.000408,0.000384,0.000448,0.000456,0.000416,0.196877,7.865316,27.492188,40.005621,59.10975,73.620716,88.50189,99.433491,72.742904,52.049464,36.253428,23.568231,15.44366,5.41764,0.444429,0.030368,0.000496,0.000496,0.000448
2025-06-21,0.0004,0.000384,0.000344,0.000352,0.000352,0.047313,4.025013,15.804944,27.848668,40.317341,60.304287,57.51505,59.380501,57.077928,37.934087,22.379943,12.136056,5.766961,2.213495,0.249789,0.00032,0.000304,0.000328,0.000336
2025-06-22,0.000368,0.00044,0.000464,0.000336,0.000352,0.114289,4.88355,13.489863,35.821765,64.559747,145.847003,187.073899,189.360868,149.058205,140.455497,111.919317,93.274302,56.238957,24.333603,3.98527,0.625132,0.00036,0.000432,0.00048
2025-06-23,0.000376,0.000528,0.000416,0.00048,0.000392,1.265313,21.837654,79.7695,147.698491,198.848978,226.306718,264.066746,267.677022,244.900247,200.206034,151.95201,101.094542,40.989665,16.090513,2.62763,1.495492,0.317204,0.000328,0.000312
2025-06-24,0.000344,0.000368,0.0004,0.000432,0.00052,0.36662,4.96087,13.771227,35.312035,56.039392,62.888204,68.591005,95.000168,123.653848,109.602028,80.597382,62.31954,55.889959,25.217489,4.190676,0.038352,0.000384,0.0004,0.000416
2025-06-25,0.000416,0.000368,0.000352,0.000376,0.000392,1.291436,21.124874,56.310185,119.861654,182.411244,224.261606,220.531733,212.940891,258.105813,228.171832,206.019213,160.241526,97.014904,38.219101,7.556784,1.54918,0.592784,0.000416,0.000408
2025-06-26,0.000432,0.00036,0.000408,0.000424,0.000424,0.577968,16.920373,60.035837,139.568971,178.317244,254.823192,264.520016,274.662377,257.149695,228.051081,195.43654,169.9275,99.80375,35.842308,6.841096,2.152564,1.359256,0.186008,0.00036
2025-06-27,0.00048,0.000336,0.000408,0.000448,0.0004,0.961473,16.669041,57.415828,124.553122,170.282453,211.46613,207.243637,208.09385,207.623062,208.849658,169.254265,103.042042,72.189607,28.196888,4.676419,1.141996,0.385104,0.000344,0.000344
2025-06-28,0.00036,0.000304,0.000384,0.000368,0.000392,0.471752,14.215938,57.621754,120.015729,174.669132,221.736078,248.176406,260.055346,266.695305,255.450311,199.434868,129.399315,73.84953,29.737026,5.751254,1.507552,0.551088,0.000416,0.000432
2025-06-29,0.000424,0.000408,0.000416,0.000384,0.00036,0.768075,16.721627,73.785809,146.088528,208.823327,255.172569,281.531877,283.871848,269.736169,251.562801,218.800116,166.000541,97.01071,32.883062,5.623744,1.846372,1.153552,0.03242,0.000384
2025-06-30,0.000352,0.000392,0.000472,0.0004,0.000408,0.687582,15.814111,73.791776,149.848697,211.458078,247.9747,268.013698,266.336505,257.213643,241.490968,198.26851,155.389883,89.917095,32.079927,5.646942,1.828128,1.242164,0.169308,0.000368
2025-07-01,0.000384,0.000368,0.000552,0.0004,0.000416,0.594959,15.817886,56.634399,122.363875,182.223813,226.032315,247.704617,254.530058,250.818305,246.459664,204.06037,140.239823,86.30538,32.353795,5.832646,1.561244,0.77456,0.016896,0.0004
2025-07-02,0.00036,0.000832,0.000488,0.000448,0.000352,0.874527,17.795215,71.654348,142.794925,206.942217,255.39734,284.910692,296.478683,285.734157,241.942444,199.897171,143.578796,81.034034,34.115095,6.022248,1.855792,1.18728,0.161252,0.000344
2025-07-03,0.000352,0.000256,0.00056,0.000376,0.000392,0.799201,17.814041,71.191338,145.50049,209.42014,257.30966,287.149956,296.27144,286.064968,261.110926,209.341492,152.381018,93.255071,35.42688,6.326866,1.863128,0.811224,0.021008,0.00044
2025-07-04,0.000416,0.000384,0.00044,0.00056,0.000424,0.961871,18.267856,71.949565,142.500717,201.96543,245.597512,276.461418,287.296362,275.855201,252.042684,185.568525,142.381362,105.465297,37.167548,6.838899,1.871836,0.958436,0.048516,0.000368
2025-07-05,0.000392,0.000392,0.000408,0.00044,0.000392,0.957126,20.764688,73.472261,136.085073,198.504549,244.158923,270.674898,265.030879,239.121045,224.261256,203.566442,143.663538,68.675108,28.882384,5.652202,1.775216,1.12232,0.148644,0.000448
2025-07-06,0.000344,0.000376,0.000512,0.000728,0.00056,0.970047,18.818628,69.954236,136.324595,192.444605,237.267986,254.476971,235.947664,208.639047,207.913124,172.249325,138.410082,81.646245,33.238379,6.493187,1.531048,0.6442,0.000384,0.000392
2025-07-07,0.000408,0.000376,0.0004,0.00056,0.000408,1.094243,15.399653,69.295106,146.025915,205.608032,225.452465,237.775935,235.208241,209.759754,195.012376,174.020429,131.321899,82.535155,32.47164,6.458453,1.867596,1.217704,0.157088,0.000384
2025-07-08,0.000384,0.000336,0.000392,0.000528,0.000424,0.797494,16.743721,66.606388,130.629906,175.072552,189.486368,173.276889,179.335472,192.056953,172.194936,119.253907,72.429388,40.431536,20.346475,4.641274,1.601612,0.954216,0.13718,0.000384
2025-07-09,0.000456,0.000424,0.000496,0.000568,0.000336,0.341144,10.405751,27.648621,53.303417,101.554037,116.457072,112.12745,129.059441,113.618575,87.844405,112.504608,80.858497,48.45402,24.534834,5.132211,1.391576,0.938344,0.150768,0.00048
2025-07-10,0.000544,0.000488,0.000584,0.000424,0.00052,0.209371,7.405464,30.314083,60.941847,111.399893,142.958917,182.402001,177.960873,168.848368,149.523064,132.096881,91.412657,52.054233,20.787137,4.310724,1.44192,0.974348,0.145356,0.000344
2025-07-11,0.000416,0.000328,0.0004,0.0004,0.000472,0.183228,5.028855,18.048395,34.938914,55.889981,83.74227,103.851735,85.366517,75.846142,62.436592,83.998557,76.273363,43.063109,17.169333,4.62935,0.911864,0.078056,0.000328,0.000344
2025-07-12,0.000368,0.00036,0.000392,0.00044,0.000376,0.061302,5.5751,20.524467,35.985138,53.435342,51.628411,42.155658,37.47664,26.442258,23.136999,20.169208,15.478302,14.023374,6.293438,0.988267,0.00032,0.000328,0.000368,0.000352
2025-07-13,0.000352,0.0004,0.000448,0.000384,0.000384,0.010914,1.398662,9.455643,23.854518,27.750198,39.808464,59.399324,85.691057,93.684233,81.419933,57.982181,20.651776,24.458361,14.155031,1.710149,0.374372,0.000056,0.000064,0.000056
2025-07-14,0.000056,0.000064,0.000056,0.000056,0.000064,0.513622,16.373408,67.107453,141.546519,189.334679,202.704314,234.176189,257.337532,240.28564,222.923595,180.873941,109.755844,82.452683,35.134051,6.527526,1.1756,0.427236,0.000424,0.000416
2025-07-15,0.000312,0.000384,0.000408,0.000416,0.000552,0.256333,11.503275,54.840151,95.183798,113.913159,164.7534,222.272914,227.698758,240.595289,231.900248,189.672271,145.680523,78.113738,28.456434,8.249874,1.627708,1.085052,0.000504,0.000464
2025-07-16,0.000416,0.000432,0.000464,0.000408,0.00036,0.194335,12.400993,44.323376,64.788789,79.299142,68.123225,75.791006,107.752983,111.96652,93.193817,60.485829,40.018271,22.744557,8.110947,0.848915,0.037448,0.005616,0.000488,0.00036
2025-07-17,0.000384,0.000376,0.0004,0.0004,0.000352,0.029654,6.268613,15.679283,31.280718,62.295067,111.390247,141.572334,130.510797,135.56619,134.642583,120.622236,88.604387,50.508541,29.79538,4.803021,0.613512,0.000344,0.000408,0.000384
2025-07-18,0.000408,0.000384,0.000392,0.000408,0.00032,0.077461,8.098085,46.01928,79.599699,130.638993,215.423605,166.663324,132.197959,99.223537,77.038191,68.526262,21.943842,8.36502,14.871263,4.29709,0.670156,0.075136,0.000384,0.000496
2025-07-19,0.0004,0.000392,0.000488,0.000408,0.000376,0.060044,6.583064,31.226313,60.208709,90.073482,102.365746,113.838516,133.091322,120.457556,125.328224,139.507454,90.897147,59.412628,23.375471,4.191526,1.036232,0.005932,0.0004,0.000376
2025-07-20,0.0004,0.000392,0.0004,0.0004,0.000376,0.053772,7.549306,32.717251,55.296401,92.515497,135.973364,170.818167,168.300108,195.21425,188.214639,138.232792,107.023555,60.514671,24.29637,4.721112,1.30416,0.623288,0.137,0.000424
2025-07-21,0.000352,0.000392,0.000448,0.000456,0.000248,0.219513,11.217023,48.457694,101.096904,151.961228,180.214984,221.14165,257.452775,274.252689,250.851228,199.144118,148.958584,85.448733,32.564595,4.846774,1.565572,0.995996,0.021896,0.00036
2025-07-22,0.000376,0.000368,0.000384,0.0004,0.000416,0.208898,8.537071,54.586927,118.090467,177.929276,211.29707,223.79807,244.885518,240.996474,231.608996,205.645776,165.26025,101.23331,33.843044,5.104965,1.684212,1.047312,0.202804,0.000368
2025-07-23,0.0004,0.000368,0.00044,0.00052,0.000488,0.277635,14.425138,65.5838,135.689523,190.747776,215.015392,236.988698,246.836973,259.995949,239.526919,199.518623,148.623934,91.115704,32.233794,4.712505,1.891608,1.402356,0.492192,0.019788
2025-07-24,0.0004,0.000416,0.000424,0.000432,0.000384,0.235784,12.491428,66.674065,145.268146,213.021375,247.389616,275.978983,272.954912,258.965486,237.710579,209.20668,170.237054,101.771499,33.871694,4.601575,2.009368,1.271084,0.481088,0.020304
2025-07-25,0.000416,0.000432,0.000416,0.000432,0.00044,0.166682,10.394261,56.445746,127.453563,168.086013,223.869787,234.058835,243.287267,265.878869,257.21679,228.697196,174.229823,99.00639,30.920656,4.491916,2.046784,1.5251,0.473548,0.01814
2025-07-26,0.000368,0.000472,0.000432,0.000512,0.000528,0.193334,10.499593,61.725082,110.22271,168.376498,206.026255,221.585803,234.92997,245.503748,220.869272,199.268233,142.471297,80.28295,28.205327,3.911745,1.884624,1.61166,0.486224,0.016888
2025-07-27,0.000416,0.000408,0.000432,0.000304,0.000208,0.10765,9.774859,49.655165,109.187237,184.285476,225.579802,244.145879,262.32272,237.317981,168.328598,148.516484,112.791323,71.106554,30.19459,4.458452,1.636376,1.386488,0.488152,0.006852
2025-07-28,0.000384,0.00036,0.000368,0.000392,0.000368,0.154011,12.28247,58.682757,142.185128,216.156522,263.720782,292.145316,303.690484,292.308748,267.758135,229.364612,174.619907,100.248578,30.173764,4.049371,2.089116,1.700592,0.674496,0.089484
2025-07-29,0.000416,0.000464,0.000432,0.000448,0.000472,0.136781,11.420033,64.400157,138.713907,201.702383,247.745197,285.713786,268.656644,267.390523,254.943703,212.092483,167.918709,82.020807,34.091374,5.117655,1.92508,1.620088,0.526372,0.01936
2025-07-30,0.000384,0.00036,0.000376,0.000392,0.000352,0.15597,13.031242,50.96739,100.246338,162.454399,212.262849,192.401516,146.274015,123.429992,97.915833,67.945403,40.146814,40.831959,19.398656,3.481926,0.90196,0.037712,0.00044,0.000416
2025-07-31,0.000384,0.000392,0.000416,0.000408,0.000344,0.311585,15.101712,45.4252,102.383899,167.023685,200.167114,234.616085,268.621405,267.582715,241.366474,211.739991,160.803172,96.023232,29.137769,3.800489,1.768204,1.322228,0.462488,0.016344
2025-08-01,0.000432,0.000496,0.0004,0.000424,0.000448,0.099687,11.165094,57.722779,134.918099,199.299892,241.945756,255.315449,230.647164,205.386287,175.951068,181.648454,154.057792,76.2463,28.155108,5.131649,1.906196,1.393164,0.25164,0.000448
2025-08-02,0.000352,0.000384,0.000448,0.000416,0.000408,0.107258,10.934121,62.801067,140.641717,209.130452,255.368942,283.553706,292.882575,287.403861,265.31976,220.291706,153.297658,95.94916,30.7414,4.253595,1.8927,1.599532,0.460192,0.014512
2025-08-03,0.0004,0.000352,0.000352,0.000368,0.000392,0.008595,3.593482,16.003555,30.324128,57.397426,63.430408,90.627354,99.563838,87.756502,94.257541,71.515601,44.727107,23.215526,12.568935,2.765207,0.999556,0.029428,0.000472,0.000432
2025-08-04,0.000424,0.000408,0.000576,0.000592,0.000624,0.008521,3.534665,17.38669,51.708569,64.155533,81.960596,92.714877,122.761776,149.493118,135.970536,117.929556,85.087324,52.02881,17.006253,2.65694,0.42288,0.000352,0.000368,0.000352
2025-08-05,0.000352,0.00036,0.000384,0.000392,0.000392,0.022727,5.118261,34.440974,71.696403,113.076669,153.585759,221.897431,251.641742,266.623192,248.650622,191.229145,141.820051,89.343362,27.246598,3.533188,1.908152,1.447636,0.289556,0.000828
2025-08-06,0.000376,0.000416,0.000368,0.0004,0.000408,0.010805,3.49041,20.452672,49.996424,82.435305,88.470856,91.554236,123.740114,115.190455,109.430081,103.521832,87.93038,44.518426,16.587954,2.057128,0.027064,0.00036,0.000416,0.000416
2025-08-07,0.00048,0.000376,0.000472,0.000424,0.000392,0.015673,2.932958,24.315408,47.621772,69.758535,134.313185,155.870186,142.632243,116.824032,141.557758,145.498697,78.531875,46.3899,14.840015,1.922629,0.974776,0.009364,0.000368,0.000376
2025-08-08,0.000328,0.000256,0.000296,0.000296,0.00032,0.008014,3.886983,18.350324,31.611094,57.482796,119.984775,154.65862,172.680651,129.977402,163.270674,113.658428,34.554975,22.247062,9.356029,1.563698,0.34534,0.000416,0.000424,0.000416
2025-08-09,0.000456,0.000536,0.000488,0.000552,0.000408,0.002769,0.302713,8.239993,20.505983,48.649063,67.906845,45.112126,30.699785,38.558646,42.193965,46.54813,30.110456,16.546949,5.229455,0.107301,0.000528,0.000528,0.000432,0.000288
2025-08-10,0.000264,0.00032,0.000368,0.000424,0.000352,0.003685,0.451197,5.995086,22.492277,34.732596,41.459651,76.407179,80.691135,80.016824,80.560143,58.196881,57.458576,30.273233,10.024147,0.624817,0.000528,0.000552,0.000496,0.000448
2025-08-11,0.000448,0.0004,0.000368,0.000424,0.00044,0.010983,4.816773,26.703373,5.655766,1.596139,7.989389,25.712077,23.19054,22.902401,27.849039,25.190171,16.249495,9.234066,5.97259,0.281335,0.000408,0.0004,0.000424,0.000392
2025-08-12,0.000424,0.000392,0.000392,0.000408,0.000424,0.006301,1.089705,14.232844,36.952462,64.876688,110.678799,113.063086,128.711685,139.75873,169.494449,137.531229,93.931166,44.869681,12.551257,2.240575,1.045244,0.1209,0.000408,0.000416
2025-08-13,0.00044,0.000424,0.000368,0.000424,0.00044,0.018855,8.095353,42.849436,100.956991,156.686984,197.744965,237.21622,245.454685,230.595885,220.625444,194.841221,161.218424,86.895211,23.321945,3.145895,1.948276,1.647336,0.397096,0.004484
2025-08-14,0.000384,0.000328,0.000344,0.0004,0.000416,0.010832,7.679391,56.892432,127.459928,192.783176,244.1153,263.128185,236.882043,189.237816,168.33437,151.540496,115.928587,67.123995,22.898937,3.512791,2.000724,1.641804,0.289548,0.000408
2025-08-15,0.000408,0.0004,0.00036,0.000376,0.000384,0.017251,8.705631,59.415239,137.952317,196.567106,233.623512,266.295123,252.6976,194.2878,185.435191,152.832635,113.838302,66.24471,23.419796,2.977733,2.003184,1.64078,0.34726,0.0004
2025-08-16,0.000384,0.000384,0.000392,0.000416,0.000408,0.011606,6.823729,59.840543,143.070949,209.916239,250.996622,274.058018,258.64226,233.535995,196.452119,187.246619,125.704143,69.770308,19.387103,3.004706,2.028312,1.635776,0.42548,0.005824
2025-08-17,0.000384,0.000408,0.00036,0.000408,0.000416,0.011595,8.004837,57.456098,126.846173,180.56349,224.675754,242.196075,234.075948,195.905849,187.687958,176.349275,128.846966,64.773044,16.465552,2.461309,1.972484,1.534796,0.323448,0.000368
2025-08-18,0.000408,0.0004,0.000344,0.000336,0.000344,0.009828,7.202699,48.240413,115.301016,188.35746,235.269287,252.035813,263.038073,259.00153,232.845599,194.827027,134.010489,73.672536,20.309885,2.995114,2.135564,1.618704,0.274888,0.000368
2025-08-19,0.000432,0.000344,0.000392,0.0004,0.000416,0.013758,7.705848,50.39014,122.204797,135.091165,157.309727,201.34532,244.572273,255.240295,202.654939,158.341124,148.052588,72.717308,20.818791,2.922164,2.228096,1.555872,0.094636,0.000376
2025-08-20,0.000352,0.000376,0.0004,0.000456,0.000424,0.010775,7.117081,55.816523,127.848497,195.776421,227.068233,244.761664,251.35365,248.273922,233.179594,197.194949,122.497742,61.000043,18.268483,2.76381,2.277564,1.726876,0.401804,0.010284
2025-08-21,0.000376,0.000344,0.000368,0.000376,0.000408,0.00718,4.934503,48.737117,117.235916,185.946086,211.015395,223.152889,214.982447,194.99415,158.68825,113.237837,87.003391,55.546134,19.532181,2.715906,2.017892,0.85036,0.058696,0.000568
2025-08-22,0.000424,0.000328,0.000416,0.000416,0.000432,0.008001,6.698493,55.573768,135.490811,196.343296,212.730276,242.850484,228.194386,183.106059,157.674868,137.708343,101.810717,55.092203,17.519383,2.686538,2.194972,1.577524,0.41094,0.003644
2025-08-23,0.000496,0.000328,0.00052,0.000568,0.000504,0.007067,6.448286,54.833988,131.433918,193.608325,219.77899,230.747768,249.213538,202.782615,188.781685,154.359442,123.512555,61.603367,16.489623,2.574696,2.041808,1.397708,0.3829,0.000616
2025-08-24,0.00028,0.00024,0.000224,0.000328,0.000408,0.01074,5.605143,48.768975,102.750952,166.942854,225.408762,255.560748,266.361387,244.312819,199.69101,171.774013,121.141338,56.664141,16.055436,2.620803,2.21856,1.658356,0.36096,0.00036
2025-08-25,0.000376,0.000328,0.000352,0.000368,0.000344,0.007804,5.816858,51.709567,123.718034,189.128851,226.734041,252.970598,255.475407,254.246443,244.074836,208.685412,150.357448,72.740111,16.004786,2.52054,2.263208,1.675836,0.368852,0.002
2025-08-26,0.000352,0.00032,0.000344,0.000368,0.000384,0.008191,5.821071,41.99378,100.32116,180.124117,231.683803,249.383656,249.313354,220.196071,213.217671,170.159069,100.618254,60.705063,19.406875,3.356412,2.784472,1.63532,0.299184,0.000352
2025-08-27,0.000376,0.000392,0.000368,0.000384,0.000416,0.011038,8.803674,52.997215,118.325963,164.574982,190.154153,169.003729,113.777545,120.53908,144.334759,166.076044,114.33293,49.441105,12.951133,3.076984,2.65252,2.187744,0.411372,0.00888
2025-08-28,0.000408,0.00048,0.000488,0.0004,0.000416,0.006155,4.913682,49.923601,119.942911,182.738586,222.23474,237.967063,247.817213,219.714939,139.371905,108.95384,112.729265,69.008409,14.768294,3.100161,2.897356,1.88072,0.352448,0.000952
2025-08-29,0.000432,0.000376,0.00032,0.000408,0.000432,0.008706,5.963829,53.854133,126.140587,175.158636,214.059096,233.996689,241.016997,216.627939,201.210631,166.491615,108.391699,54.264957,13.136158,3.027812,2.927204,2.288288,0.269988,0.000536
2025-08-30,0.000592,0.0006,0.00044,0.000408,0.000432,0.009289,8.164196,52.757595,108.235874,175.66409,224.189567,259.609408,259.652509,213.21313,169.509731,138.330337,104.997619,56.470829,17.857186,3.140502,2.870544,2.129056,0.369816,0.00106
2025-08-31,0.000544,0.00052,0.000464,0.00052,0.000424,0.004112,2.501136,18.533007,60.783937,50.654274,96.51928,134.635639,201.390855,211.697055,184.940522,134.223808,100.213472,68.092043,14.758354,2.973875,2.463308,0.452988,0.028744,0.000408
2025-09-01,0.000432,0.000512,0.000408,0.000392,0.0004,0.003047,0.251989,10.049343,42.189905,106.648583,149.022044,149.658063,170.51491,132.299403,131.753756,126.392133,100.124274,47.51457,10.230542,3.036264,2.931212,1.785416,0.301924,0.00036
2025-09-02,0.000368,0.00028,0.00036,0.000368,0.000384,0.00549,3.953123,37.345029,93.683347,138.608461,136.643114,87.376145,30.684327,19.630483,66.911785,93.13621,77.971375,45.953594,14.284554,2.384457,0.800392,0.171824,0.00432,0.000424
2025-09-03,0.000448,0.00044,0.0004,0.0004,0.000432,0.004924,2.926026,36.356843,90.166703,131.905278,157.033446,167.546848,155.320802,153.63973,99.414246,79.651211,55.097515,37.166248,8.103953,2.699222,2.578288,1.956332,0.588012,0.012288
2025-09-04,0.0004,0.000416,0.000392,0.000392,0.0004,0.050253,2.70496,32.662786,71.646097,118.228925,145.918207,160.492524,166.776179,166.352454,149.816209,114.60781,81.412257,43.191208,9.24758,2.913175,2.820572,2.16554,0.473356,0.009024
2025-09-05,0.000432,0.00032,0.00036,0.000376,0.0004,0.005185,2.577505,37.027966,95.945061,133.543806,153.796933,151.827764,138.088289,99.000884,76.437657,82.767664,64.261781,29.720164,7.4455,3.002314,2.691352,1.502904,0.3029,0.000424
2025-09-06,0.000416,0.000376,0.000392,0.000448,0.000408,0.004737,2.800942,30.649967,64.263518,125.359507,158.868915,190.973295,174.404778,154.439236,143.409235,121.534792,90.862296,45.007389,8.775132,2.966526,2.851452,2.075432,0.133848,0.000408
2025-09-07,0.000408,0.000344,0.000424,0.000368,0.000384,0.00578,3.637989,31.408042,71.445358,117.209916,152.33328,163.310993,162.861942,169.327206,158.403594,109.53243,48.163932,30.58745,5.291238,2.709012,2.536204,1.671728,0.12298,0.00036
2025-09-08,0.000416,0.000408,0.000448,0.000384,0.0004,0.008157,3.300717,34.512573,81.253401,92.454423,94.379945,89.298192,104.104343,124.040565,106.125661,84.507818,77.200965,39.378445,4.916177,2.916837,2.1653,0.397216,0.002856,0.000472
2025-09-09,0.000496,0.000392,0.000376,0.000336,0.000384,0.007576,3.885728,28.869988,67.264505,81.540496,89.85938,90.840643,70.110556,52.722855,35.069131,39.843238,12.853989,2.855618,4.318199,1.994652,0.067256,0.000392,0.00036,0.000376
2025-09-10,0.000384,0.000376,0.000384,0.000408,0.000392,0.003078,0.702193,10.884031,31.753753,36.306324,69.072671,89.018024,112.387048,133.672386,130.033002,102.282367,75.596711,37.04502,5.441233,2.619054,1.947976,1.503664,0.301816,0.000416
2025-09-11,0.000392,0.000392,0.000424,0.000408,0.000392,0.006023,2.099341,25.755233,72.935605,115.62023,149.503366,156.267325,142.927149,126.768442,100.188316,88.601779,61.78262,20.962016,4.079956,2.712693,1.956736,1.423284,0.359296,0.0042
2025-09-12,0.000536,0.000408,0.000464,0.000384,0.000552,0.002798,0.376493,13.715191,56.613264,126.684138,161.796489,186.732382,186.798506,153.419913,143.753331,112.237458,75.45521,34.915334,5.055256,2.997045,2.710392,1.403976,0.06768,0.000392
2025-09-13,0.000376,0.000368,0.000368,0.000368,0.000392,0.003373,1.821081,19.540439,51.153703,60.910272,58.764787,48.987288,44.6633,60.583672,81.268406,83.235647,76.622498,32.792634,7.290954,2.127971,0.268028,0.000552,0.000544,0.000432
2025-09-14,0.000376,0.000352,0.0004,0.0004,0.000416,0.002967,0.430076,17.921251,72.865999,139.288124,158.256331,156.620322,142.336521,111.15015,74.914537,58.837721,36.224242,9.064874,1.698059,2.29449,2.27488,0.96938,0.459152,0.074088
2025-09-15,0.045176,0.000496,0.000528,0.000536,0.000544,0.511011,2.805512,33.484333,89.582342,137.374858,148.996718,114.923775,103.647999,145.87234,162.506567,122.333925,77.957905,33.500528,5.148724,2.909307,2.681944,1.753036,0.053864,0.000392
2025-09-16,0.000408,0.000392,0.000408,0.000328,0.000392,0.004235,1.576149,32.697052,90.527669,139.040605,167.895316,171.72364,164.887589,144.309325,128.434644,112.936541,78.243913,32.915863,5.361145,2.932677,2.795076,1.805412,0.146296,0
2025-09-17,0,0,0,0,0,0.003175,1.198324,26.87517,95.025416,133.095387,174.294855,192.257019,199.424988,175.520811,126.965708,127.480002,85.78817,32.016821,4.876753,2.933113,2.780836,0.554152,0.033888,0
2025-09-18,0,0,0,0.251892,0.076608,0.004795,0.415769,28.715998,85.887218,138.991218,182.606037,207.258091,211.386138,209.774493,171.944593,131.502927,83.688606,35.807067,5.292632,2.653513,2.561752,2.066896,0.39506,0.00468
2025-09-19,0,0,0,0,0,0.003264,0.68032,9.212813,31.867691,95.5086,132.524586,95.263113,135.38978,127.269164,113.175207,91.120321,54.394938,22.187382,4.529892,2.339445,2.132272,1.688544,0.328596,0.00234
2025-09-20,0,0,0,0,0,0.002515,0.103947,4.848928,5.307985,29.252838,69.162329,117.109893,107.245719,137.303903,136.147596,111.185922,63.622799,24.795914,3.739799,2.172132,1.480796,0.52924,0.008016,0
2025-09-21,0,0,0,0,0,0.005165,2.162341,34.141773,94.111105,128.201175,154.044832,154.482946,172.564339,154.574964,141.789487,112.927723,71.236547,29.704699,4.023446,2.376877,1.903604,0.8604,0.04312,0
2025-09-22,0,0,0,0,0,0.004812,1.812757,28.144552,75.139468,117.289805,145.813446,177.360717,181.661654,171.469226,148.460206,113.871862,67.136296,26.798351,3.621418,2.355225,2.17634,1.769696,0.34874,0.005536
2025-09-23,0.00044,0.000456,0.000432,0.000408,0.000424,0.004425,1.015654,20.343725,54.418494,90.125934,113.027118,131.030168,136.049733,123.385046,109.009165,87.853482,55.527035,19.492523,3.033028,2.40172,2.136852,1.484304,0.3425,0.005608
2025-09-24,0.000488,0.000376,0.000384,0.000384,0.000408,0.003339,1.115981,19.783113,56.451092,106.461062,148.409608,155.798425,183.073585,172.815953,155.795994,122.171531,77.210247,25.903708,2.672494,2.370729,2.235808,1.6573,0.164392,0.000376
2025-09-25,0.000384,0.000384,0.000384,0.000424,0.00028,0.00327,0.730018,12.887485,57.492898,100.079165,135.353377,119.368324,130.973164,107.541412,68.89937,40.638256,37.679034,19.234509,2.688121,1.838785,1.02908,0.248136,0.207776,0.009024
2025-09-26,0.000392,0.000352,0.019084,0.017708,0.098484,0.021069,1.299714,11.21814,57.269878,91.832934,79.145517,37.154112,33.07669,18.246866,22.595651,64.657489,58.269968,15.49067,2.607175,0.683137,0.20876,0.10604,0.001376,0.000408
2025-09-27,0.000392,0.0004,0.00036,0.000376,0.000376,0.002403,0.011661,1.237438,3.534299,21.687771,40.906257,42.43411,63.987325,66.305337,46.700667,47.963761,24.476056,10.639329,1.878644,2.050226,0.509072,0.001536,0.000488,0.000512
2025-09-28,0.000512,0.0004,0.000448,0.00052,0.000496,0.002993,0.034604,7.445549,45.276241,79.045159,105.593887,153.314328,152.803317,124.815474,98.387437,76.349727,52.239056,15.462299,3.055004,2.467169,2.052756,0.811924,0.216788,0.00908
2025-09-29,0.000432,0.000408,0.000424,0.000344,0.00036,0.004653,1.526167,29.063321,40.391716,122.937743,152.646824,174.124876,173.826514,150.302861,155.29847,92.0073,32.733801,9.736037,2.335351,2.624929,2.347856,1.153736,0.268988,0.009072
2025-09-30,0.000432,0.000416,0.000512,0.0004,0.000344,0.004318,1.591045,31.889036,73.711433,77.822262,92.818849,100.143574,126.520903,99.794617,111.630876,78.109793,37.780355,15.031666,2.92413,2.373074,1.211008,0.49446,0.189496,0.000408
2025-10-01,0.000464,0.000504,0.000528,0.00052,0.000528,0.000536,1.37924,31.475889,97.337015,159.905857,204.396468,227.263771,237.295667,228.91889,203.519024,146.876125,78.363103,29.773152,2.875728,2.655672,2.522132,1.992128,0.583032,0.01154
2025-10-02,0.000376,0.00048,0.0004,0.000432,0.000496,0.000536,0.303452,19.0238,82.135842,153.625275,188.348847,203.037314,194.090974,160.962949,130.49927,107.988797,48.072554,12.349894,2.18802,2.596244,2.367592,1.38168,0.254912,0.007072
2025-10-03,0.000352,0.000328,0.0004,0.00044,0.00044,0.000432,0.002824,0.034897,0.186688,1.089552,2.517226,15.144391,38.045471,34.487965,30.587123,5.854402,7.698757,5.026725,0.754355,0.4804,0.035952,0.000448,0.000456,0.000432
2025-10-04,0.000424,0.000424,0.00036,0.000368,0.000448,0.000424,0.155128,10.312622,41.227037,69.010304,108.248859,148.969454,163.847819,128.796146,122.503089,89.114018,66.894255,19.622141,2.204705,2.583928,2.319452,0.997532,0.214204,0.000456
2025-10-05,0.000472,0.000432,0.00044,0.000328,0.000432,0.000472,0.818668,26.956064,88.759254,145.857253,187.554269,206.172426,202.215531,189.146014,157.347571,115.245722,73.773512,23.229051,2.584869,2.623492,2.454952,1.980808,0.520768,0.00812
2025-10-06,0.000432,0.000416,0.000392,0.000384,0.00032,0.000304,0.828866,27.235647,89.281143,143.706313,173.658815,189.675973,185.051676,176.221713,153.135609,102.218945,50.371075,16.447753,2.216521,2.635748,2.505976,2.006732,0.38774,0.00808
2025-10-07,0.00044,0.000352,0.000392,0.000304,0.00044,0.000456,0.164103,13.139682,39.807537,59.49472,76.805317,95.12123,157.641185,149.678966,130.028695,93.75038,57.193641,14.886836,2.10395,2.41724,1.217848,0.177724,0.000504,0.000488
2025-10-08,0.000496,0.000512,0.00044,0.00048,0.000536,0.000528,0.227481,12.052185,50.340449,87.397156,114.808432,138.129135,146.329983,143.327098,133.157428,97.277265,49.213823,10.600855,2.012721,2.543116,2.406932,1.434436,0.327896,0.00404
2025-10-09,0.000464,0.000456,0.000464,0.000504,0.000328,0.000312,0.463059,19.605169,69.074892,109.726468,131.406585,136.599717,152.611065,135.065488,119.680471,92.518325,52.722306,16.367012,2.161014,2.634252,2.422876,1.635584,0.190676,0.000472
2025-10-10,0.000384,0.000472,0.000448,0.000448,0.000496,0.000488,0.473372,21.653224,82.54131,135.593602,172.734216,198.955725,206.72602,190.522677,153.25025,114.02212,64.699137,16.058447,2.15491,2.639088,2.52696,1.90312,0.448264,0.007144
2025-10-11,0.000456,0.000408,0.000272,0.000264,0.000432,0.00044,0.547052,25.81766,90.595585,149.323856,186.511536,206.360762,211.286111,187.867971,138.688346,111.989779,55.419633,14.742877,2.08147,2.636216,2.508564,1.979256,0.4111,0.008152
2025-10-12,0.000456,0.00048,0.00048,0.000456,0.000344,0.000336,0.494681,25.330015,86.753639,141.679651,188.537906,209.549278,199.609408,168.670908,134.712016,99.066535,59.313038,15.706909,2.066776,2.630316,2.472152,1.960648,0.471836,0.008144
2025-10-13,0.00048,0.000464,0.000384,0.000464,0.000496,0.000504,0.32644,18.954325,72.205118,109.224195,137.271321,170.376356,201.13591,195.53237,159.343991,115.926533,52.978174,11.342012,2.020842,2.636288,2.51306,1.981944,0.454148,0.009048
2025-10-14,0.000384,0.000416,0.000456,0.000464,0.000488,0.00048,0.014194,5.338714,38.23058,74.98306,114.639699,108.453034,140.865253,146.325015,83.016373,43.627494,24.547187,6.112299,1.944707,2.497692,2.128048,1.126516,0.126404,0.000472
2025-10-15,0.00044,0.000336,0.000416,0.000456,0.000472,0.000456,0.007374,3.828037,18.898423,54.214353,86.204667,107.169102,107.001111,89.201713,77.924593,46.119687,30.326632,8.29848,1.919836,2.624204,2.239404,0.693012,0.027,0.00036
2025-10-16,0.00036,0.000376,0.000392,0.000384,0.0004,0.000408,0.011786,4.906883,19.155643,28.022955,57.724878,81.16312,98.584073,59.541894,47.66486,46.030674,27.197652,8.688848,1.853518,2.242348,0.484496,0.184056,0.000352,0.000448
2025-10-17,0.000424,0.000392,0.000424,0.000448,0.000464,0.000488,0.245807,12.567047,41.113181,70.290989,106.669256,101.477221,130.980709,112.121486,63.981658,58.022943,18.276253,2.674273,2.002569,2.562468,2.213888,0.970788,0.0266,0.000416
2025-10-18,0.000448,0.000424,0.000424,0.000408,0.000408,0.000392,0.068839,7.112765,19.192717,46.219592,102.662774,108.203153,84.323567,63.8479,34.552339,18.361145,12.293577,3.590882,1.716946,2.031032,0.249812,0.000488,0.000512,0.000416
2025-10-19,0.000448,0.000312,0.00044,0.000408,0.000416,0.000384,0.246327,4.25835,15.590786,31.33811,34.141675,53.837649,58.081191,55.217372,31.154403,17.688548,7.179637,1.258152,1.319542,0.472056,0.00044,0.000352,0.000408,0.000392
2025-10-20,0.000408,0.000376,0.000464,0.000464,0.00048,0.000472,0.098652,9.942133,73.339766,142.476888,187.831947,211.437708,222.381102,199.903802,165.674055,110.354337,62.976353,10.367341,2.079944,2.431764,2.245816,1.586464,0.323992,0.005716
2025-10-21,0.000416,0.000432,0.000448,0.00044,0.000456,0.00044,0.005059,1.56789,20.482278,30.160221,53.311848,92.529944,74.610823,47.49285,43.646715,18.144501,6.950635,1.617143,1.645043,1.421928,0.037444,0.00044,0.00032,0.000336
2025-10-22,0.000392,0.0004,0.00036,0.0004,0.000424,0.000424,0.032854,11.065593,59.196611,108.025299,148.325095,164.068936,162.282947,167.16465,148.89261,108.154935,50.543489,8.949888,2.024846,2.993656,2.878908,1.720592,0.316224,0.004756
2025-10-23,0.000416,0.000408,0.000384,0.000464,0.00048,0.000504,0.126425,16.059565,64.478128,121.304783,161.984325,173.510008,169.058175,163.8376,146.00133,115.599828,58.677423,10.831335,2.051304,3.00606,2.896228,1.791632,0.10332,0.000392
2025-10-24,0.000376,0.000456,0.000376,0.000408,0.000408,0.000392,0.16077,18.924418,79.977816,130.327712,171.574062,195.932639,207.262787,195.707466,167.918611,116.86781,57.778551,9.282918,2.049694,3.005556,2.897904,1.980808,0.247016,0.001968
2025-10-25,0.000408,0.000368,0.000304,0.00032,0.00036,0.00048,0.108394,14.522706,64.982903,108.148694,129.177118,155.501543,142.104973,152.864037,114.622097,77.855723,41.802144,5.792375,2.033626,2.953116,2.465456,1.002788,0.194328,0.001636
2025-10-26,0.000352,0.000384,0.00036,0.000368,0.000368,0.00036,0.008706,4.056193,15.3909,34.088346,94.704883,184.37269,214.717707,205.924715,138.724993,100.311288,48.622522,7.093798,2.025935,2.781824,2.343376,1.529904,0.118964,0.000264
2025-10-27,0.000352,0.000328,0.00024,0.000256,0.000264,0.00028,0.070503,15.754912,70.891222,137.930216,173.743365,207.110881,213.944094,189.782032,164.302636,120.383586,59.007223,7.817123,2.043139,3.028432,2.8589,2.046752,0.335864,0.00628
2025-10-28,0.000376,0.000384,0.000384,0.000376,0.0004,0.000384,0.161747,18.403658,77.31323,144.855457,192.012462,223.512692,234.618017,228.688424,198.786607,146.374053,71.010553,8.751634,2.041534,3.027832,2.926804,2.210628,0.338076,0.006376
2025-10-29,0.00032,0.000328,0.000392,0.000432,0.000416,0.000416,0.095587,17.553321,89.682335,156.993479,197.053794,214.843932,216.5818,194.106903,161.299879,119.566214,60.179856,7.101005,2.037786,3.028004,2.923592,2.2388,0.335756,0.006196
2025-10-30,0.00044,0.00036,0.000408,0.000416,0.000336,0.000288,0.552491,13.742677,70.140154,122.090168,129.245597,201.33087,158.355018,116.025312,65.600828,42.542438,14.462544,2.410303,1.964261,2.68646,1.93,0.675768,0.013784,0.000328
2025-10-31,0.000344,0.000392,0.000304,0.0004,0.000392,0.000384,0.011648,4.903187,28.936954,92.041379,103.903298,141.630006,142.986029,122.948904,119.46811,111.313516,59.555833,6.811788,2.033633,3.004424,2.5334,1.202476,0.14678,0.00036
2025-11-01,0.000384,0.000384,0.000432,0.00048,0.000472,0.000464,0.04097,15.879487,80.161977,140.182206,174.21661,192.773556,194.753638,178.147991,145.718478,97.722278,41.686834,5.038231,2.008996,2.9875,2.603372,1.236804,0.190108,0.000464
2025-11-02,0.000416,0.000328,0.000384,0.0004,0.000408,0.000424,0.014315,5.367426,34.549874,78.295819,161.576622,217.994108,190.268971,181.28822,129.380916,95.846922,36.9934,4.166586,2.009952,2.987392,2.692608,1.538464,0.172784,0.000408
2025-11-03,0.000408,0.000392,0.000432,0.00044,0.000464,0.000472,0.043874,14.745688,85.985144,159.151148,208.596895,234.68217,230.861227,218.382485,184.259886,134.323799,53.310758,5.720087,2.005836,3.026804,2.909408,2.224216,0.351364,0.005996
2025-11-04,0.000336,0.000416,0.000416,0.000256,0.000248,0.000248,0.011616,6.75025,38.874753,80.366976,116.079244,120.916572,102.53687,89.459952,58.813494,48.552106,24.714254,5.225505,1.966948,2.572128,0.581564,0.00712,0.0004,0.000288
2025-11-05,0.0004,0.000376,0.000448,0.000392,0.0004,0.000384,0.013436,6.231966,68.360598,134.805358,176.993747,195.58887,199.670141,193.1207,157.888123,105.773574,44.659139,5.212662,1.952196,2.971868,2.971744,2.205188,0.246896,0.000304
2025-11-06,0.000392,0.000392,0.000392,0.000392,0.000408,0.000416,0.028173,11.678994,67.692937,138.714896,188.981195,216.708649,222.965537,211.375599,179.683938,121.408023,47.838622,3.855316,1.962092,3.003496,2.971164,2.238624,0.268652,0.002148
2025-11-07,0.000416,0.000288,0.000288,0.000328,0.000432,0.000456,0.022612,9.577461,58.945394,108.968891,154.785552,181.762647,165.993167,94.19055,112.020808,86.999142,43.445477,5.113668,1.96882,2.976176,2.593228,1.405152,0.04064,0.000432
2025-11-08,0.000424,0.000416,0.000448,0.000416,0.0004,0.000416,0.02428,5.383972,14.389833,8.912596,17.981281,41.864265,31.35492,24.738862,12.92762,7.346993,3.194661,0.356553,0.64918,0.130832,0.000264,0.000264,0.000264,0.000272
2025-11-09,0.00028,0.000336,0.000432,0.000312,0.000248,0.000256,0.003772,1.753016,22.314766,104.495108,155.297718,183.746347,205.788327,191.431611,124.957705,70.153292,34.018983,2.943073,1.95248,2.906616,2.84762,2.080904,0.27468,0.005116
2025-11-10,0.000408,0.000432,0.00048,0.000448,0.000392,0.0004,0.009616,8.615321,68.165244,146.890159,201.70368,231.53757,240.21602,227.674374,193.156084,134.642569,53.578203,4.298498,1.962236,2.992696,2.982624,2.239648,0.336272,0.006132
2025-11-11,0.000432,0.00024,0.000296,0.00028,0.00028,0.00028,0.008745,3.461335,30.075938,103.907701,146.072377,184.513246,218.708552,210.625405,174.312859,121.566838,50.333982,3.999227,1.963216,3.004052,2.950456,2.181028,0.283416,0.00528
2025-11-12,0.000448,0.000408,0.000472,0.000464,0.000272,0.000288,0.007861,2.689693,21.542393,58.89226,70.479121,52.842212,30.921335,37.253543,32.124306,21.36115,7.042297,0.74493,1.168124,0.633644,0.000272,0.000464,0.000328,0.000312
2025-11-13,0.000312,0.00028,0.000328,0.000416,0.000368,0.00028,0.006993,2.654786,22.164551,50.261816,118.925521,119.096615,169.051275,218.660196,187.926029,129.560304,48.127095,3.814729,1.96496,2.998724,2.775296,1.60012,0.124468,0.000352
2025-11-14,0.000312,0.000296,0.000208,0.00024,0.000232,0.000392,0.017456,8.372087,71.519573,148.187369,198.957723,226.810109,233.316621,219.301658,185.644571,126.523264,47.733149,3.708091,1.955096,2.990576,2.972548,2.239444,0.337792,0.006412
2025-11-15,0.000328,0.000256,0.000232,0.000248,0.000248,0.000264,0.015698,7.724922,68.678776,145.769251,194.18719,218.884466,221.742909,209.140236,176.480034,120.305881,45.091018,3.504999,2.001212,2.940384,2.909696,2.240416,0.337304,0.006208
2025-11-16,0.000384,0.000368,0.000392,0.000392,0.000424,0.00044,0.011517,8.767482,64.133747,130.492002,163.033561,183.535703,192.285482,189.449359,156.289022,100.602096,37.893692,3.602901,1.963,2.935576,2.789476,2.212844,0.203172,0.000288
2025-11-17,0.000296,0.00028,0.000256,0.000312,0.000408,0.000392,0.005962,3.555106,30.110005,78.187431,150.483641,53.197741,28.82662,31.516571,32.525821,18.108469,7.188652,1.083953,1.724576,1.277704,0.00564,0.000432,0.000416,0.000296
2025-11-18,0.000424,0.000416,0.000416,0.00036,0.00028,0.000384,0.004104,1.739201,16.623725,31.264718,68.957658,56.960795,67.459749,75.050472,66.042184,41.628612,11.746574,1.020405,1.7313,1.495164,0.131688,0.00036,0.000264,0.0004
2025-11-19,0.00056,0.000224,0.000232,0.000256,0.000248,0.000248,0.004892,2.059745,18.38544,53.358757,87.282079,145.740157,114.656144,121.199288,76.956614,56.766452,23.517435,2.093465,1.900164,2.417856,0.748044,0.048988,0.00028,0.000288
2025-11-20,0.00028,0.000408,0.00044,0.000472,0.0004,0.000392,0.005192,2.942188,31.193146,77.186242,88.120205,99.109565,97.558119,89.573436,80.627001,66.859208,25.443802,2.026515,1.620068,1.245504,0.307496,0.126072,0.00028,0.000288
2025-11-21,0.000264,0.00024,0.000272,0.000344,0.000368,0.000432,0.005614,4.796581,48.458494,119.814753,168.910076,201.702452,214.210677,202.983291,167.504371,110.858794,37.01894,2.934909,1.93222,2.934428,2.914216,2.1219,0.323384,0.006244
2025-11-22,0.000376,0.000384,0.000408,0.00028,0.000312,0.000368,0.006298,4.582645,42.410802,116.569532,162.481407,188.002405,175.834767,152.994314,129.788178,84.265197,31.981076,2.676544,1.934028,2.937968,2.813348,2.125392,0.336824,0.005452
2025-11-23,0.00036,0.000352,0.0004,0.000336,0.000376,0.000368,0.006353,4.545108,55.082031,132.069093,181.610454,209.055176,215.981443,196.125434,155.50864,111.54728,37.148734,2.483427,1.934868,2.927976,2.89604,2.23638,0.33716,0.005624
2025-11-24,0.000384,0.00036,0.000368,0.000384,0.000384,0.000392,0.005957,3.257473,21.568505,27.087255,76.386021,155.004765,150.912188,128.928501,120.978917,73.453141,27.180544,2.293841,1.939804,2.884296,2.30582,1.007372,0.0241,0.000408
2025-11-25,0.000392,0.000344,0.000408,0.000408,0.000456,0.000464,0.003641,3.578444,26.339755,54.210159,116.610012,150.143951,152.164875,145.824988,92.954835,54.378814,18.452836,1.833775,1.955464,2.153364,1.126668,0.197708,0.0004,0.000448
2025-11-26,0.00032,0.000352,0.000384,0.000392,0.000368,0.00064,0.004446,3.161079,37.257224,92.662388,146.148068,172.939777,181.117598,158.811335,147.35226,99.2583,32.454854,2.424518,1.934644,2.941508,2.780568,1.59216,0.317328,0.005632
2025-11-27,0.000384,0.000336,0.0004,0.00036,0.000344,0.000352,0.003472,1.904402,26.174075,88.603804,119.896707,102.852452,76.779256,48.988042,45.711035,45.694132,10.298912,1.238145,1.628216,1.47428,0.412944,0.000432,0.0004,0.000392
2025-11-28,0.000336,0.00028,0.000304,0.000296,0.000288,0.000264,0.005398,2.445169,32.206348,85.095369,133.394884,179.588757,200.496015,200.769402,170.949941,114.082488,36.314468,2.201567,1.945916,2.96584,2.836844,2.057936,0.339904,0.005856
2025-11-29,0.000376,0.000344,0.000384,0.000256,0.000232,0.000248,0.004388,3.370997,44.482062,118.040866,154.964622,166.804326,189.726754,191.019749,153.051346,90.939417,26.761323,1.796901,1.851644,2.849084,2.012412,0.94654,0.019456,0.000312
2025-11-30,0.000288,0.000304,0.00028,0.000264,0.000264,0.000264,0.004622,2.029787,35.835534,98.993,142.480513,165.582708,184.053095,168.267938,145.964146,94.837386,28.725064,2.278254,1.950512,2.883764,2.223492,1.193332,0.050752,0.000456
2025-12-01,0.000376,0.000448,0.000464,0.00048,0.000472,0.000496,0.000504,1.423813,19.379248,74.1411,129.237241,146.880015,186.528446,162.686506,146.870538,103.995354,32.716726,2.480353,1.924264,2.960772,2.736876,1.627748,0.06624,0.000264
2025-12-02,0.000312,0.000376,0.0004,0.000408,0.000384,0.000392,0.000368,1.897873,40.318937,114.968225,171.338496,202.873016,193.471551,169.342662,137.371308,53.227278,15.761001,1.298286,1.912544,2.96142,2.743464,1.928108,0.10464,0.000272
2025-12-03,0.000352,0.000376,0.000384,0.000384,0.0004,0.000392,0.000352,0.295776,4.743535,23.040295,64.704605,138.494935,126.446463,102.398234,61.567063,41.276396,17.386387,1.309167,1.813536,1.70894,0.506568,0.043968,0.000408,0.000416
2025-12-04,0.00044,0.000424,0.0004,0.000392,0.000408,0.000424,0.0004,0.42257,7.213624,39.320038,67.863806,77.098339,92.848905,97.514236,59.425576,45.177876,15.227808,1.163085,1.705772,1.667276,0.193948,0.000392,0.000352,0.00036
2025-12-05,0.000384,0.00028,0.0004,0.000312,0.000304,0.000296,0.000296,1.699253,17.078376,62.975887,144.471495,175.867948,172.503922,168.702831,134.953655,85.10456,27.314693,2.500871,1.958744,2.8378,2.264448,1.552244,0.296488,0.005508
2025-12-06,0.00044,0.000416,0.000408,0.000392,0.0004,0.000416,0.000392,2.078449,38.835863,116.645868,170.464924,198.434237,195.413901,175.3037,144.268511,80.516459,25.288412,1.977256,1.957832,2.960132,2.551352,1.263996,0.066584,0.000336
2025-12-07,0.000352,0.000352,0.000392,0.00036,0.000392,0.000408,0.000376,2.125549,32.07295,97.368514,147.078025,176.511027,179.925313,170.678294,132.956175,85.408417,30.044508,2.561091,1.970928,2.932164,2.688676,1.50414,0.061416,0.000384
2025-12-08,0.00036,0.000368,0.000288,0.000344,0.000376,0.000384,0.000384,2.41773,34.247785,108.955282,161.587818,186.498533,212.253699,201.389398,165.102505,98.846792,31.436606,2.419132,1.964944,2.997752,2.902984,2.218996,0.340628,0.005856
2025-12-09,0.000312,0.000352,0.000416,0.000416,0.000392,0.000384,0.000344,2.490369,31.534438,112.200262,174.964798,209.198516,220.678465,209.592958,174.079863,109.83318,31.501473,2.163472,1.97012,3.00176,2.926428,2.234332,0.339496,0.006192
2025-12-10,0.000432,0.000432,0.000416,0.00044,0.000432,0.000424,0.000392,1.357922,31.568148,104.048548,161.679359,195.278441,205.7383,193.464499,155.586659,74.988239,19.846795,1.752298,1.944784,3.005052,2.808084,2.03996,0.102676,0.0004
2025-12-11,0.000384,0.0004,0.000368,0.000416,0.000408,0.000416,0.0004,0.06132,4.45676,46.028291,113.715077,145.370519,158.132402,140.923753,90.079176,50.035352,23.608308,1.88244,1.91506,2.814168,2.025792,0.422972,0.02138,0.000416
2025-12-12,0.000464,0.000496,0.00048,0.000504,0.00048,0.00048,0.00048,1.54739,32.359044,105.343329,157.746621,177.324033,170.015856,153.336601,125.402903,83.494829,29.296782,2.121245,1.972012,2.981588,2.876892,1.680408,0.298968,0.003184
2025-12-13,0.000344,0.000352,0.000336,0.000352,0.000288,0.000304,0.000312,0.251789,9.189694,50.269105,94.82458,69.711813,51.318365,33.85982,32.3432,20.192185,3.173408,0.489778,1.643236,1.304376,0.019208,0.00024,0.000224,0.000224
2025-12-14,0.00024,0.000336,0.000336,0.000392,0.000392,0.000384,0.000376,0.050662,4.812428,16.355054,55.190115,46.917083,39.339917,45.370676,37.298725,16.987708,6.392294,0.531983,0.789592,0.245768,0.000352,0.000408,0.000384,0.000384
2025-12-15,0.0004,0.000416,0.000408,0.0004,0.000392,0.000384,0.000384,1.340236,30.422941,102.116507,161.576281,192.660755,211.318132,200.304892,157.814359,83.502736,30.588341,2.806206,1.987412,2.98122,2.89932,2.204816,0.339912,0.00642
2025-12-16,0.00036,0.000336,0.0004,0.000368,0.000368,0.000368,0.000344,0.713075,22.883896,74.389834,116.992706,121.899621,150.846532,146.866207,130.47145,83.715102,29.587899,2.803304,1.986872,2.90226,2.01064,0.835408,0.02156,0.000448
2025-12-17,0.00044,0.000352,0.000384,0.000432,0.00048,0.000488,0.00044,0.830577,19.809186,61.548511,75.052428,93.62262,135.464324,118.901522,108.852533,79.54561,28.313462,2.078721,1.82696,2.248856,0.741036,0.100036,0.000376,0.00036
2025-12-18,0.000368,0.000384,0.0004,0.000432,0.0004,0.000384,0.000312,1.02792,30.131277,108.35104,172.57028,207.097557,218.938483,208.922606,175.879092,115.259978,37.358031,2.968416,2.031964,3.001792,2.936596,2.23112,0.342152,0.004604
2025-12-19,0.000352,0.000368,0.00036,0.000344,0.000352,0.000352,0.00032,0.132127,11.255538,64.916784,125.634701,157.664785,160.415992,124.818081,109.809961,73.384727,21.195534,1.533577,1.977156,2.884552,2.168968,1.031068,0.029048,0.000376
2025-12-20,0.000392,0.000312,0.000376,0.000312,0.000352,0.000368,0.000328,0.101721,4.923852,17.256845,40.860085,73.911684,96.663573,94.614463,65.461371,36.816201,8.481621,1.236775,1.70058,1.742756,0.45206,0.001264,0.000272,0.000272
2025-12-21,0.000296,0.000312,0.000336,0.000328,0.000424,0.000416,0.000384,0.540846,8.009059,20.520325,27.632194,48.340125,68.507358,142.684855,126.829374,89.955763,28.900695,2.485337,1.737708,1.824276,0.594104,0.00432,0.00048,0.000512
2025-12-22,0.000504,0.000496,0.0004,0.0004,0.00044,0.000448,0.00044,1.183748,28.257147,105.11386,168.876754,204.752088,218.910911,202.271929,169.342708,108.000927,40.861048,3.990887,1.978672,2.954868,2.93298,2.245132,0.332188,0.004452
2025-12-23,0.000384,0.00036,0.00036,0.000352,0.000368,0.000376,0.000344,0.779307,18.490992,58.931219,80.606242,79.727689,138.708354,97.792438,66.781625,33.818421,12.045406,1.171821,1.878124,2.186052,0.714968,0.057032,0.000264,0.000288
2025-12-24,0.000416,0.000472,0.000472,0.000392,0.000464,0.000448,0.000416,0.013827,1.984444,10.22021,22.193114,42.33496,34.946152,24.425763,25.357773,17.080227,5.03273,0.389066,0.3636,0.169256,0.006224,0.000392,0.0004,0.000384
2025-12-25,0.0004,0.0004,0.0004,0.000344,0.000368,0.000384,0.000368,0.237361,6.436744,33.178006,57.891659,75.39187,93.895962,92.041579,74.691851,32.101208,11.086348,1.088816,1.746412,1.449196,0.081496,0.000376,0.000392,0.000376
2025-12-26,0.000464,0.000496,0.00048,0.000328,0.000312,0.000296,0.00036,0.043727,5.164869,29.973974,86.568622,116.311716,117.405315,105.461523,77.550614,41.054571,20.32233,2.281187,1.553756,1.229716,0.32424,0.118648,0.000424,0.000456
2025-12-27,0.000456,0.000344,0.000352,0.000392,0.000416,0.000416,0.000384,0.68447,22.741833,96.270554,151.021896,183.22246,145.620815,120.343074,98.351874,76.902107,28.952435,2.799371,1.94732,2.906424,2.597016,1.482992,0.326572,0.005492
2025-12-28,0.000368,0.000392,0.000408,0.00036,0.000384,0.000376,0.000368,0.866245,24.540897,93.515494,162.3749,198.399794,203.730167,175.879329,128.334901,82.286685,17.875435,1.97302,1.991416,2.928268,2.848956,2.144924,0.288672,0.000248
2025-12-29,0.00028,0.00036,0.000392,0.000384,0.000392,0.000384,0.000368,0.516961,19.979952,79.812218,133.129867,141.10273,132.288839,159.210739,131.415541,85.578359,34.212315,4.132222,1.969532,2.969952,1.688384,0.793464,0.01484,0.0004
2025-12-30,0.000464,0.0004,0.0004,0.000352,0.000416,0.000376,0.000368,0.36242,18.451785,99.782152,149.206626,175.985019,209.736734,212.948468,174.550426,130.905581,50.267185,4.469193,1.991436,3.024312,2.945228,2.180416,0.292608,0.005156
2025-12-31,0.000256,0.000256,0.000344,0.000328,0.000376,0.000368,0.00036,0.829598,16.249246,36.041946,91.621145,123.093747,121.63153,144.317188,132.935163,82.502866,31.118274,3.242792,1.873192,2.471328,1.11582,0.374972,0.007784,0.000432
